7;2013;DEPUTADO;PARLAMENTAR;ABELARDO LUIZ LUPION MELLO;26723.13;0.0;2783.68;0.0;-11283.41;0.0;0.0;0.0
7;2013;DEPUTADO;PARLAMENTAR;ACELINO FREITAS;26723.13;0.0;0.0;0.0;-6606.21;0.0;0.0;0.0
7;2013;DEPUTADO;PARLAMENTAR;ADEMIR CAMILO PRATES RODRIGUES;26723.13;0.0;0.0;0.0;-6784.66;0.0;0.0;0.0
7;2013;DEPUTADO;PARLAMENTAR;ADILSON SOARES;26723.13;0.0;0.0;0.0;-10121.90;0.0;0.0;0.0
7;2013;DEPUTADO;PARLAMENTAR;ADRIAN MUSSI RAMOS;26723.13;0.0;-2947.41;0.0;-4619.47;0.0;0.0;0.0
7;2013;DEPUTADO;PARLAMENTAR;ADRIANO ELI CORREA;26723.13;0.0;0.0;0.0;-8594.86;0.0;0.0;0.0
7;2013;DEPUTADO;PARLAMENTAR;AELTON JOSE DE FREITAS;26723.13;0.0;0.0;0.0;-8594.86;0.0;0.0;0.0
7;2013;DEPUTADO;PARLAMENTAR;AFONSO BANDEIRA FLORENCE;26723.13;0.0;0.0;0.0;-8689.44;0.0;0.0;0.0
7;2013;DEPUTADO;PARLAMENTAR;AGUINALDO VELLOSO BORGES RIBEIRO;26723.13;0.0;0.0;0.0;-8594.86;0.0;0.0;0.0
7;2013;DEPUTADO;PARLAMENTAR;AKIRA OTSUBO;26723.13;0.0;0.0;0.0;-6842.66;0.0;0.0;0.0
7;2013;DEPUTADO;PARLAMENTAR;ALBERTO PEREIRA MOURAO;0.0;0.0;-7585.46;0.0;0.0;0.0;-500.0;0.0
7;2013;DEPUTADO;PARLAMENTAR;ALCEU MOREIRA DA SILVA;26723.13;0.0;0.0;0.0;-6842.66;0.0;0.0;0.0
7;2013;DEPUTADO;PARLAMENTAR;ALESSANDRO LUCCIOLA MOLON;26723.13;0.0;0.0;0.0;-8594.86;0.0;0.0;0.0
7;2013;DEPUTADO;PARLAMENTAR;ALEX CANZIANI SILVEIRA;26723.13;0.0;0.0;0.0;-11423.61;0.0;0.0;0.0
7;2013;DEPUTADO;PARLAMENTAR;ALEXANDRE DE MELO TOLEDO;26723.13;0.0;0.0;0.0;-8689.44;0.0;0.0;0.0
7;2013;DEPUTADO;PARLAMENTAR;ALEXANDRE JOSE DOS SANTOS;26723.13;0.0;0.0;0.0;-8642.15;0.0;0.0;0.0
7;2013;DEPUTADO;PARLAMENTAR;ALEXANDRE LEITE DA SILVA;26723.13;0.0;0.0;0.0;-8689.44;0.0;0.0;0.0
7;2013;DEPUTADO;PARLAMENTAR;ALEXANDRE RUBIO ROSO;26723.13;0.0;0.0;0.0;-7392.32;0.0;0.0;0.0
7;2013;DEPUTADO;PARLAMENTAR;ALEXANDRE SILVEIRA DE OLIVEIRA;26723.13;0.0;0.0;0.0;-8594.86;0.0;0.0;0.0
7;2013;DEPUTADO;PARLAMENTAR;ALFREDO HELIO SYRKIS;26723.13;0.0;0.0;0.0;-6889.96;0.0;0.0;0.0
7;2013;DEPUTADO;PARLAMENTAR;ALICE MAZZUCO PORTUGAL;26723.13;0.0;0.0;0.0;-8689.44;0.0;0.0;0.0
7;2013;DEPUTADO;PARLAMENTAR;ALINE LEMOS CORREA DE OLIVEIRA ANDRADE;26723.13;0.0;0.0;0.0;-6795.37;0.0;0.0;0.0
7;2013;DEPUTADO;PARLAMENTAR;AMAURI SANTOS TEIXEIRA;26723.13;0.0;0.0;0.0;-8062.20;0.0;0.0;0.0
7;2013;DEPUTADO;PARLAMENTAR;ANDERSON FERREIRA RODRIGUES;26723.13;0.0;0.0;0.0;-8594.86;0.0;0.0;0.0
7;2013;DEPUTADO;PARLAMENTAR;ANDRE LUIS DANTAS FERREIRA;26723.13;0.0;0.0;0.0;-6795.37;0.0;0.0;0.0
7;2013;DEPUTADO;PARLAMENTAR;ANDRE LUIZ VARGAS ILARIO;26723.13;0.0;0.0;0.0;-8689.44;0.0;0.0;0.0
7;2013;DEPUTADO;PARLAMENTAR;ANDRE PEIXOTO FIGUEIREDO LIMA;26723.13;0.0;0.0;0.0;-6795.37;0.0;0.0;0.0
7;2013;DEPUTADO;PARLAMENTAR;ANDRE ZACHAROW;26723.13;0.0;0.0;0.0;-6889.96;0.0;0.0;0.0
7;2013;DEPUTADO;PARLAMENTAR;ANDREIA ALMEIDA ZITO DOS SANTOS;26723.13;0.0;0.0;0.0;-8689.44;0.0;0.0;0.0
7;2013;DEPUTADO;PARLAMENTAR;ANGELO CARLOS VANHONI;26723.13;0.0;0.0;0.0;-8642.15;0.0;0.0;0.0
7;2013;DEPUTADO;PARLAMENTAR;ANIBAL FERREIRA GOMES;26723.13;0.0;695.92;0.0;-8116.12;0.0;0.0;0.0
7;2013;DEPUTADO;PARLAMENTAR;ANSELMO DE JESUS ABREU;26723.13;0.0;0.0;0.0;-6842.66;0.0;0.0;0.0
7;2013;DEPUTADO;PARLAMENTAR;ANTHONY WILLIAM GAROTINHO MATHEUS DE OLIVEIRA;26723.13;0.0;0.0;0.0;-6748.08;0.0;0.0;0.0
7;2013;DEPUTADO;PARLAMENTAR;ANTONIA LUCILEIA CRUZ RAMOS CAMARA;26723.13;0.0;0.0;0.0;-6889.96;0.0;0.0;0.0
7;2013;DEPUTADO;PARLAMENTAR;ANTONIO BALHMANN CARDOSO NUNES FILHO;26723.13;0.0;0.0;0.0;-8689.44;0.0;0.0;0.0
7;2013;DEPUTADO;PARLAMENTAR;ANTONIO CARLOS BIFFI;26723.13;0.0;0.0;0.0;-6889.96;0.0;0.0;0.0
7;2013;DEPUTADO;PARLAMENTAR;ANTONIO CARLOS DE MENDES THAME;26723.13;0.0;0.0;0.0;-8689.44;0.0;0.0;0.0
7;2013;DEPUTADO;PARLAMENTAR;ANTONIO CARLOS MARTINS DE BULHOES;26723.13;0.0;0.0;0.0;-6795.37;0.0;0.0;0.0
7;2013;DEPUTADO;PARLAMENTAR;ANTONIO CARLOS VALADARES FILHO;26723.13;0.0;0.0;0.0;-6889.96;0.0;0.0;0.0
7;2013;DEPUTADO;PARLAMENTAR;ANTONIO DUARTE NOGUEIRA JUNIOR;26723.13;0.0;0.0;0.0;-6917.47;0.0;0.0;0.0
7;2013;DEPUTADO;PARLAMENTAR;ANTONIO EUDES XAVIER;26723.13;0.0;0.0;0.0;-6748.08;0.0;0.0;0.0
7;2013;DEPUTADO;PARLAMENTAR;ANTONIO EUSTAQUIO ANDRADE FERREIRA;26723.13;0.0;0.0;0.0;-8562.31;0.0;0.0;0.0
7;2013;DEPUTADO;PARLAMENTAR;ANTONIO JOSE IMBASSAHY DA SILVA;26723.13;0.0;0.0;0.0;-6889.96;0.0;0.0;0.0
7;2013;DEPUTADO;PARLAMENTAR;ANTONIO LUIZ PARANHOS RIBEIRO LEITE DE BRITO;26723.13;0.0;0.0;0.0;-6795.37;0.0;0.0;0.0
7;2013;DEPUTADO;PARLAMENTAR;ANTONIO PINHEIRO JUNIOR;26723.13;0.0;0.0;0.0;-6700.79;0.0;0.0;0.0
7;2013;DEPUTADO;PARLAMENTAR;ANTONIO ROBERTO SOARES;26723.13;0.0;0.0;0.0;-8689.44;0.0;0.0;0.0
7;2013;DEPUTADO;PARLAMENTAR;ARACELY DE PAULA;26723.13;0.0;0.0;0.0;-8689.44;0.0;0.0;0.0
7;2013;DEPUTADO;PARLAMENTAR;ARLINDO CHIGNALIA JUNIOR;26723.13;0.0;0.0;0.0;-8689.44;0.0;0.0;0.0
7;2013;DEPUTADO;PARLAMENTAR;ARMANDO VERGILIO DOS SANTOS JUNIOR;26723.13;0.0;0.0;0.0;-6889.96;0.0;0.0;0.0
7;2013;DEPUTADO;PARLAMENTAR;ARNALDO CALIL PEREIRA JARDIM;26723.13;0.0;0.0;0.0;-8689.44;0.0;0.0;0.0
7;2013;DEPUTADO;PARLAMENTAR;ARNALDO FARIA DE SA;26723.13;0.0;0.0;0.0;-8642.15;0.0;0.0;0.0
7;2013;DEPUTADO;PARLAMENTAR;ARNALDO JORDY FIGUEIREDO;26723.13;0.0;0.0;0.0;-3999.81;0.0;0.0;0.0
7;2013;DEPUTADO;PARLAMENTAR;AROLDE DE OLIVEIRA;26723.13;0.0;0.0;0.0;-8642.15;0.0;0.0;0.0
7;2013;DEPUTADO;PARLAMENTAR;ARTHUR CESAR PEREIRA DE LIRA;26723.13;0.0;0.0;0.0;-5657.26;0.0;0.0;0.0
7;2013;DEPUTADO;PARLAMENTAR;ARTHUR DE OLIVEIRA MAIA DA SILVA;26723.13;0.0;0.0;0.0;-8594.86;0.0;0.0;0.0
7;2013;DEPUTADO;PARLAMENTAR;ARTUR JOSE VIEIRA BRUNO;26723.13;0.0;0.0;0.0;-8109.36;0.0;0.0;0.0
7;2013;DEPUTADO;PARLAMENTAR;ASDRUBAL MENDES BENTES;26723.13;0.0;0.0;0.0;-6889.96;0.0;0.0;0.0
7;2013;DEPUTADO;PARLAMENTAR;ASSIS FLAVIO DA SILVA MELO;26723.13;0.0;0.0;0.0;-6748.08;0.0;0.0;0.0
7;2013;DEPUTADO;PARLAMENTAR;ASSIS MIGUEL DO COUTO;26723.13;0.0;0.0;0.0;-6889.96;0.0;0.0;0.0
7;2013;DEPUTADO;PARLAMENTAR;ATILA FREITAS LIRA;26723.13;0.0;0.0;0.0;-8689.44;0.0;0.0;0.0
7;2013;DEPUTADO;PARLAMENTAR;ATILA SIDNEY LINS ALBUQUERQUE;26723.13;0.0;0.0;0.0;-6889.96;0.0;0.0;0.0
7;2013;DEPUTADO;PARLAMENTAR;AUGUSTO RODRIGUES COUTINHO DE MELO;26723.13;0.0;0.0;0.0;-8500.28;0.0;0.0;0.0
7;2013;DEPUTADO;PARLAMENTAR;AUGUSTO SILVEIRA DE CARVALHO;26723.13;0.0;0.0;0.0;-7154.38;0.0;0.0;0.0
7;2013;DEPUTADO;PARLAMENTAR;AUREO LIDIO MOREIRA RIBEIRO;26723.13;0.0;0.0;0.0;-6842.66;0.0;0.0;0.0
7;2013;DEPUTADO;PARLAMENTAR;BENEDITA SOUZA DA SILVA SAMPAIO;26723.13;0.0;0.0;0.0;-8689.44;0.0;0.0;0.0
7;2013;DEPUTADO;PARLAMENTAR;BERNARDINO BARRETO DE OLIVEIRA;26723.13;0.0;0.0;0.0;-6889.96;0.0;0.0;0.0
7;2013;DEPUTADO;PARLAMENTAR;BERNARDO DE VASCONCELLOS MOREIRA;26723.13;0.0;0.0;0.0;-6700.79;0.0;0.0;0.0
7;2013;DEPUTADO;PARLAMENTAR;BONIFACIO JOSE TAMM DE ANDRADA;26723.13;0.0;-6877.29;0.0;-6750.90;0.0;0.0;0.0
7;2013;DEPUTADO;PARLAMENTAR;BRUNA DIAS FURLAN;26723.13;0.0;0.0;0.0;-6889.96;0.0;0.0;0.0
7;2013;DEPUTADO;PARLAMENTAR;BRUNO CAVALCANTI DE ARAUJO;26723.13;0.0;-795.33;0.0;-8376.14;0.0;0.0;0.0
7;2013;DEPUTADO;PARLAMENTAR;CAMILO COLA;26723.13;0.0;0.0;0.0;-6889.96;0.0;0.0;0.0
7;2013;DEPUTADO;PARLAMENTAR;CANDIDO ELPIDIO DE SOUZA VACCAREZZA;26723.13;0.0;1391.84;0.0;-9072.20;0.0;0.0;0.0
7;2013;DEPUTADO;PARLAMENTAR;CARLOS ALBERTO CAVALCANTE DE SOUZA;26723.13;0.0;0.0;0.0;-7988.84;0.0;0.0;0.0
7;2013;DEPUTADO;PARLAMENTAR;CARLOS ALBERTO DE SOUSA ROSADO;26723.13;0.0;-1964.94;0.0;-5976.70;0.0;0.0;0.0
7;2013;DEPUTADO;PARLAMENTAR;CARLOS ALBERTO LOPES;26723.13;0.0;0.0;0.0;-6889.96;0.0;0.0;0.0
7;2013;DEPUTADO;PARLAMENTAR;CARLOS ALBERTO ROLIM ZARATTINI;26723.13;0.0;0.0;0.0;-12298.84;0.0;0.0;0.0
7;2013;DEPUTADO;PARLAMENTAR;CARLOS EDUARDO CINTRA DA COSTA PEREIRA;26723.13;0.0;0.0;0.0;-8642.15;0.0;0.0;0.0
7;2013;DEPUTADO;PARLAMENTAR;CARLOS EDUARDO TORRES GOMES;26723.13;0.0;0.0;0.0;-6889.96;0.0;0.0;0.0
7;2013;DEPUTADO;PARLAMENTAR;CARLOS EDUARDO VIEIRA DA CUNHA;26723.13;0.0;0.0;0.0;-8685.91;0.0;0.0;0.0
7;2013;DEPUTADO;PARLAMENTAR;CARLOS GOMES BEZERRA;26723.13;0.0;-3929.88;0.0;-11873.46;0.0;0.0;0.0
7;2013;DEPUTADO;PARLAMENTAR;CARLOS HENRIQUE FOCESI SAMPAIO;26723.13;0.0;0.0;0.0;-6889.96;0.0;0.0;0.0
7;2013;DEPUTADO;PARLAMENTAR;CARLOS HUMBERTO MANNATO;26723.13;0.0;0.0;0.0;-6980.46;0.0;0.0;0.0
7;2013;DEPUTADO;PARLAMENTAR;CARLOS MAGNO RAMOS;26723.13;0.0;0.0;0.0;-5052.74;0.0;0.0;0.0
7;2013;DEPUTADO;PARLAMENTAR;CARLOS MAURO CABRAL BENEVIDES;26723.13;0.0;0.0;0.0;-6889.96;0.0;0.0;0.0
7;2013;DEPUTADO;PARLAMENTAR;CARLOS ORLEANS BRANDAO JUNIOR;26723.13;0.0;0.0;0.0;-15478.96;0.0;0.0;0.0
7;2013;DEPUTADO;PARLAMENTAR;CARLOS ROBERTO DE CAMPOS;26723.13;0.0;0.0;0.0;-8689.44;0.0;0.0;0.0
7;2013;DEPUTADO;PARLAMENTAR;CARLOS ROBERTO MASSA JUNIOR;26723.13;0.0;0.0;0.0;-6842.66;0.0;0.0;0.0
7;2013;DEPUTADO;PARLAMENTAR;CARMEN EMILIA BONFA ZANOTTO;26723.13;0.0;0.0;0.0;-6819.81;0.0;0.0;0.0
7;2013;DEPUTADO;PARLAMENTAR;CELSO ALENCAR RAMOS JACOB;26723.13;0.0;0.0;0.0;-6889.96;0.0;0.0;0.0
7;2013;DEPUTADO;PARLAMENTAR;CELSO MALDANER;26723.13;0.0;-982.47;0.0;-6619.78;0.0;0.0;0.0
7;2013;DEPUTADO;PARLAMENTAR;CESAR HANNA HALUM;26723.13;0.0;0.0;0.0;-6842.66;0.0;0.0;0.0
7;2013;DEPUTADO;PARLAMENTAR;CESAR ROBERTO COLNAGHI;26723.13;0.0;695.92;0.0;-7195.30;0.0;0.0;0.0
7;2013;DEPUTADO;PARLAMENTAR;CEZAR AUGUSTO CAROLLO SILVESTRI;26723.13;0.0;0.0;0.0;-6889.96;0.0;0.0;0.0
7;2013;DEPUTADO;PARLAMENTAR;CLAUDIO ALBERTO CASTELO BRANCO PUTY;26723.13;0.0;0.0;0.0;-7148.68;0.0;0.0;0.0
7;2013;DEPUTADO;PARLAMENTAR;CLAUDIO CAJADO SAMPAIO;26723.13;0.0;0.0;0.0;-8594.86;0.0;0.0;0.0
7;2013;DEPUTADO;PARLAMENTAR;CLEBER VERDE CORDEIRO MENDES;26723.13;0.0;0.0;0.0;-6700.79;0.0;0.0;0.0
7;2013;DEPUTADO;PARLAMENTAR;CLEUSA ROSANE RIBAS FERREIRA;26723.13;0.0;0.0;0.0;-7039.76;0.0;0.0;0.0
7;2013;DEPUTADO;PARLAMENTAR;COLBERT MARTINS DA SILVA FILHO;26723.13;0.0;0.0;0.0;-6889.96;0.0;0.0;0.0
7;2013;DEPUTADO;PARLAMENTAR;DAMIAO FELICIANO DA SILVA;26723.13;0.0;0.0;0.0;-8642.15;0.0;0.0;0.0
7;2013;DEPUTADO;PARLAMENTAR;DANIEL GOMES DE ALMEIDA;26723.13;0.0;0.0;0.0;-8689.44;0.0;0.0;0.0
7;2013;DEPUTADO;PARLAMENTAR;DANILO JORGE DE BARROS CABRAL;26723.13;0.0;0.0;0.0;-8918.72;0.0;0.0;0.0
7;2013;DEPUTADO;PARLAMENTAR;DANRLEI DE DEUS HINTERHOLZ;26723.13;0.0;0.0;0.0;-8642.15;0.0;0.0;0.0
7;2013;DEPUTADO;PARLAMENTAR;DARCISIO PAULO PERONDI;26723.13;0.0;0.0;0.0;-8642.15;0.0;0.0;0.0
7;2013;DEPUTADO;PARLAMENTAR;DAVI ALVES SILVA JUNIOR;26723.13;0.0;0.0;0.0;-8689.44;0.0;0.0;0.0
7;2013;DEPUTADO;PARLAMENTAR;DAVID SAMUEL ALCOLUMBRE TOBELEM;26723.13;0.0;0.0;0.0;-6889.96;0.0;0.0;0.0
7;2013;DEPUTADO;PARLAMENTAR;DECIO NERY DE LIMA;26723.13;0.0;0.0;0.0;-6842.66;0.0;0.0;0.0
7;2013;DEPUTADO;PARLAMENTAR;DEVANIR RIBEIRO;26723.13;0.0;0.0;0.0;-8689.44;0.0;0.0;0.0
7;2013;DEPUTADO;PARLAMENTAR;DIEGO LEONARDO DE ANDRADE CARVALHO;26723.13;0.0;0.0;0.0;-6842.66;0.0;0.0;0.0
7;2013;DEPUTADO;PARLAMENTAR;DILCEU JOAO SPERAFICO;26723.13;0.0;0.0;0.0;-8594.86;0.0;0.0;0.0
7;2013;DEPUTADO;PARLAMENTAR;DIMAS FABIANO TOLEDO JUNIOR;26723.13;0.0;0.0;0.0;-8515.02;0.0;0.0;0.0
7;2013;DEPUTADO;PARLAMENTAR;DIONILSO MATEUS MARCON;26723.13;0.0;0.0;0.0;-8004.35;0.0;0.0;0.0
7;2013;DEPUTADO;PARLAMENTAR;DOMINGOS FRANCISCO DUTRA FILHO;26723.13;0.0;0.0;0.0;-9556.22;0.0;0.0;0.0
7;2013;DEPUTADO;PARLAMENTAR;DOMINGOS GOMES DE AGUIAR NETO;26723.13;0.0;0.0;0.0;-8689.44;0.0;0.0;0.0
7;2013;DEPUTADO;PARLAMENTAR;DOMINGOS SAVIO CAMPOS RESENDE;26723.13;0.0;0.0;0.0;-8609.60;0.0;0.0;0.0
7;2013;DEPUTADO;PARLAMENTAR;EDIO VIEIRA LOPES;26723.13;0.0;-2947.41;0.0;-6079.42;0.0;0.0;0.0
7;2013;DEPUTADO;APOSENTADORIA PARLAMENTAR;EDMAR BATISTA MOREIRA;12216.28;0.0;0.0;0.0;-2693.7;0.0;0.0;0.0
7;2013;DEPUTADO;PARLAMENTAR;EDMAR DE SOUZA ARRUDA;22269.28;0.0;0.0;0.0;-5570.56;0.0;0.0;0.0
7;2013;DEPUTADO;PARLAMENTAR;EDSON APARECIDO DOS SANTOS;26723.13;0.0;0.0;0.0;-7492.71;0.0;0.0;0.0
7;2013;DEPUTADO;PARLAMENTAR;EDSON BEZ DE OLIVEIRA;26723.13;0.0;0.0;0.0;-6889.96;0.0;0.0;0.0
7;2013;DEPUTADO;PARLAMENTAR;EDSON EDINHO COELHO ARAUJO;26723.13;0.0;0.0;0.0;-8689.44;0.0;0.0;0.0
7;2013;DEPUTADO;PARLAMENTAR;EDSON EZEQUIEL DE MATOS;26723.13;0.0;-6877.29;0.0;-4998.70;0.0;0.0;0.0
7;2013;DEPUTADO;PARLAMENTAR;EDSON GIROTO;26723.13;0.0;0.0;0.0;-6795.37;0.0;0.0;0.0
7;2013;DEPUTADO;PARLAMENTAR;EDSON SAMPAIO PIMENTA;26723.13;0.0;0.0;0.0;-8689.44;0.0;0.0;0.0
7;2013;DEPUTADO;PARLAMENTAR;EDSON SANTOS DE SOUZA;26723.13;0.0;0.0;0.0;-8594.86;0.0;0.0;0.0
7;2013;DEPUTADO;PARLAMENTAR;EDSON SILVA;26723.13;0.0;0.0;0.0;-4661.02;0.0;0.0;0.0
7;2013;DEPUTADO;PARLAMENTAR;EDUARDO BRANDAO DE AZEREDO;26723.13;0.0;0.0;0.0;-8642.15;0.0;0.0;0.0
7;2013;DEPUTADO;PARLAMENTAR;EDUARDO COSENTINO DA CUNHA;26723.13;0.0;0.0;0.0;-8689.44;0.0;0.0;0.0
7;2013;DEPUTADO;PARLAMENTAR;EDUARDO FRANCISCO SCIARRA;26723.13;0.0;0.0;0.0;-8689.44;0.0;0.0;0.0
7;2013;DEPUTADO;PARLAMENTAR;EDUARDO HENRIQUE DA FONTE DE ALBUQUERQUE SILVA;26723.13;0.0;0.0;0.0;-8642.15;0.0;0.0;0.0
7;2013;DEPUTADO;PARLAMENTAR;EDUARDO LUIZ BARROS BARBOSA;26723.13;0.0;0.0;0.0;-6748.08;0.0;0.0;0.0
7;2013;DEPUTADO;PARLAMENTAR;EFRAIM DE ARAUJO MORAIS FILHO;26723.13;0.0;0.0;0.0;-8594.86;0.0;0.0;0.0
7;2013;DEPUTADO;PARLAMENTAR;ELEUSES VIEIRA DE PAIVA;26723.13;0.0;0.0;0.0;-8689.44;0.0;0.0;0.0
7;2013;DEPUTADO;PARLAMENTAR;ELIENE JOSE DE LIMA;26723.13;0.0;0.0;0.0;-5603.26;0.0;0.0;0.0
7;2013;DEPUTADO;APOSENTADORIA PARLAMENTAR;ELISEU LEMOS PADILHA;13819.67;0.0;0.0;0.0;-3262.50;0.0;0.0;0.0
7;2013;DEPUTADO;PARLAMENTAR;ELVINO JOSE BOHN GASS;26723.13;0.0;0.0;0.0;-6889.96;0.0;0.0;0.0
7;2013;DEPUTADO;PARLAMENTAR;EMANUEL FERNANDES;26723.13;0.0;0.0;0.0;-7139.36;0.0;0.0;0.0
7;2013;DEPUTADO;PARLAMENTAR;ENIO EGON BERGMANN BACCI;26723.13;0.0;0.0;0.0;-11437.65;0.0;0.0;0.0
7;2013;DEPUTADO;PARLAMENTAR;ERIKA JUCA KOKAY;26723.13;0.0;0.0;0.0;-8689.44;0.0;0.0;0.0
7;2013;DEPUTADO;PARLAMENTAR;ERIVELTON LIMA SANTANA;26723.13;0.0;0.0;0.0;-6889.96;0.0;0.0;0.0
7;2013;DEPUTADO;PARLAMENTAR;EROS FERREIRA BIONDINI;26723.13;0.0;0.0;0.0;-8515.02;0.0;0.0;0.0
7;2013;DEPUTADO;PARLAMENTAR;ESMERINO NERI BATISTA FILHO;26723.13;0.0;0.0;0.0;-7869.47;0.0;0.0;0.0
7;2013;DEPUTADO;PARLAMENTAR;EURICO PINHEIRO BERNARDES JUNIOR;26723.13;0.0;0.0;0.0;-8689.44;0.0;0.0;0.0
7;2013;DEPUTADO;PARLAMENTAR;EVANDRO COSTA MILHOMEN;26723.13;0.0;0.0;0.0;-6889.96;0.0;0.0;0.0
7;2013;DEPUTADO;PARLAMENTAR;FABIO AUGUSTO RAMALHO DOS SANTOS;26723.13;0.0;0.0;0.0;-6889.96;0.0;0.0;0.0
7;2013;DEPUTADO;PARLAMENTAR;FABIO DE ALMEIDA REIS;26723.13;0.0;0.0;0.0;-5553.73;0.0;0.0;0.0
7;2013;DEPUTADO;PARLAMENTAR;FABIO LOUREIRO SOUTO;26723.13;0.0;0.0;0.0;-8689.44;0.0;0.0;0.0
7;2013;DEPUTADO;PARLAMENTAR;FABIO RICARDO TRAD;26723.13;0.0;0.0;0.0;-8500.28;0.0;0.0;0.0
7;2013;DEPUTADO;PARLAMENTAR;FABIO RODRIGUES DE OLIVEIRA;26723.13;0.0;0.0;0.0;-6889.96;0.0;0.0;0.0
7;2013;DEPUTADO;PARLAMENTAR;FABIO SALUSTINO MESQUITA DE FARIA;26723.13;0.0;0.0;0.0;-6889.96;0.0;0.0;0.0
7;2013;DEPUTADO;PARLAMENTAR;FATIMA LUCIA PELAES;26723.13;0.0;0.0;0.0;-7027.25;0.0;0.0;0.0
7;2013;DEPUTADO;PARLAMENTAR;FELIPE CATALAO MAIA;26723.13;0.0;0.0;0.0;-10180.32;0.0;0.0;0.0
7;2013;DEPUTADO;PARLAMENTAR;FELIPE LEONE BORNIER DE OLIVEIRA;26723.13;0.0;0.0;0.0;-6842.66;0.0;0.0;0.0
7;2013;DEPUTADO;PARLAMENTAR;FELIX DE ALMEIDA MENDONCA JUNIOR;26723.13;0.0;0.0;0.0;-8642.15;0.0;0.0;0.0
7;2013;DEPUTADO;PARLAMENTAR;FERNANDO ANTONIO CECILIANO JORDAO;26723.13;0.0;0.0;0.0;-8594.86;0.0;0.0;0.0
7;2013;DEPUTADO;PARLAMENTAR;FERNANDO BEZERRA DE SOUZA COELHO FILHO;26723.13;0.0;0.0;0.0;-12041.15;0.0;0.0;0.0
7;2013;DEPUTADO;PARLAMENTAR;FERNANDO DANTAS FERRO;26723.13;0.0;0.0;0.0;-8642.15;0.0;0.0;0.0
7;2013;DEPUTADO;PARLAMENTAR;FERNANDO DANTAS TORRES;26723.13;0.0;0.0;0.0;-6748.08;0.0;0.0;0.0
7;2013;DEPUTADO;PARLAMENTAR;FERNANDO DESTITO FRANCISCHINI;26723.13;0.0;0.0;0.0;-6216.13;0.0;0.0;0.0
7;2013;DEPUTADO;PARLAMENTAR;FERNANDO LOPES DE ALMEIDA;26723.13;0.0;0.0;0.0;-7600.18;0.0;0.0;0.0
7;2013;DEPUTADO;PARLAMENTAR;FERNANDO LUCIO GIACOBO;26723.13;0.0;0.0;0.0;-6889.96;0.0;0.0;0.0
7;2013;DEPUTADO;PARLAMENTAR;FERNANDO STEPHAN MARRONI;26723.13;0.0;0.0;0.0;-6889.96;0.0;0.0;0.0
7;2013;DEPUTADO;PARLAMENTAR;FILIPE DE ALMEIDA PEREIRA;26723.13;0.0;0.0;0.0;-6889.96;0.0;0.0;0.0
7;2013;DEPUTADO;PARLAMENTAR;FLAVIA CARREIRO ALBUQUERQUE MORAIS;26723.13;0.0;0.0;0.0;-6842.66;0.0;0.0;0.0
7;2013;DEPUTADO;PARLAMENTAR;FLAVIANO FLAVIO BAPTISTA DE MELO;26723.13;0.0;0.0;0.0;-8096.63;0.0;0.0;0.0
7;2013;DEPUTADO;PARLAMENTAR;FLORISVALDO FIER;26723.13;0.0;0.0;0.0;-7407.76;0.0;0.0;0.0
7;2013;DEPUTADO;PARLAMENTAR;FRANCISCO ARIOSTO HOLANDA;26723.13;0.0;0.0;0.0;-8642.15;0.0;0.0;0.0
7;2013;DEPUTADO;PARLAMENTAR;FRANCISCO DANILO BASTOS FORTE;26723.13;0.0;-982.47;0.0;-7487.01;0.0;0.0;0.0
7;2013;DEPUTADO;PARLAMENTAR;FRANCISCO DAS CHAGAS FRANCILINO;26723.13;0.0;0.0;0.0;-6842.66;0.0;0.0;0.0
7;2013;DEPUTADO;PARLAMENTAR;FRANCISCO DE ASSIS CARVALHO GONCALVES;26723.13;0.0;0.0;0.0;-8594.86;0.0;0.0;0.0
7;2013;DEPUTADO;PARLAMENTAR;FRANCISCO EDNALDO PRACIANO;26723.13;0.0;0.0;0.0;-8642.15;0.0;0.0;0.0
7;2013;DEPUTADO;PARLAMENTAR;FRANCISCO EURICO DA SILVA;26723.13;0.0;0.0;0.0;-6748.08;0.0;0.0;0.0
7;2013;DEPUTADO;PARLAMENTAR;FRANCISCO EVERARDO OLIVEIRA SILVA;26723.13;0.0;0.0;0.0;-6748.08;0.0;0.0;0.0
7;2013;DEPUTADO;PARLAMENTAR;FRANCISCO FLORIANO DE SOUSA SILVA;26723.13;0.0;0.0;0.0;-6889.96;0.0;0.0;0.0
7;2013;DEPUTADO;PARLAMENTAR;FRANCISCO LOPES DA SILVA;26723.13;0.0;0.0;0.0;-6795.37;0.0;0.0;0.0
7;2013;DEPUTADO;PARLAMENTAR;FRANCISCO LUIZ ESCORCIO LIMA;26723.13;0.0;-982.47;0.0;-6619.78;0.0;0.0;0.0
7;2013;DEPUTADO;PARLAMENTAR;FRANCISCO PLINIO VALERIO TOMAZ;26723.13;0.0;0.0;0.0;-6889.96;0.0;0.0;0.0
7;2013;DEPUTADO;PARLAMENTAR;FRANCISCO RODRIGUES DE ALENCAR FILHO;26723.13;0.0;0.0;0.0;-6815.31;0.0;0.0;0.0
7;2013;DEPUTADO;PARLAMENTAR;FRANCISCO VIEIRA SAMPAIO;26723.13;0.0;0.0;0.0;-6889.96;0.0;0.0;0.0
7;2013;DEPUTADO;PARLAMENTAR;GABRIEL BENEDITO ISSAAC CHALITA;26723.13;0.0;0.0;0.0;-6558.28;0.0;0.0;0.0
7;2013;DEPUTADO;PARLAMENTAR;GASTAO DIAS VIEIRA;26723.13;0.0;0.0;0.0;-8689.44;0.0;0.0;0.0
7;2013;DEPUTADO;PARLAMENTAR;GENECIAS MATEUS NORONHA;26723.13;0.0;0.0;0.0;-6653.50;0.0;0.0;0.0
7;2013;DEPUTADO;PARLAMENTAR;GEORGE HILTON DOS SANTOS CECILIO;26723.13;0.0;0.0;0.0;-8609.60;0.0;0.0;0.0
7;2013;DEPUTADO;PARLAMENTAR;GERALDO MAGELA PEREIRA;26723.13;0.0;0.0;0.0;-6795.37;0.0;0.0;0.0
7;2013;DEPUTADO;PARLAMENTAR;GERALDO RESENDE PEREIRA;26723.13;0.0;0.0;0.0;-5541.47;0.0;0.0;0.0
7;2013;DEPUTADO;PARLAMENTAR;GERALDO SIMOES DE OLIVEIRA;26723.13;0.0;0.0;0.0;-8594.86;0.0;0.0;0.0
7;2013;DEPUTADO;PARLAMENTAR;GERALDO THADEU PEDREIRA DOS SANTOS;26723.13;0.0;0.0;0.0;-8689.44;0.0;0.0;0.0
7;2013;DEPUTADO;PARLAMENTAR;GIOVANI CHERINI;26723.13;0.0;0.0;0.0;-7201.67;0.0;0.0;0.0
7;2013;DEPUTADO;PARLAMENTAR;GIOVANNI CORREA QUEIROZ;26723.13;0.0;0.0;0.0;-8689.44;0.0;0.0;0.0
7;2013;DEPUTADO;PARLAMENTAR;GIVALDO DE SA GOUVEIA;26723.13;0.0;0.0;0.0;-5690.05;0.0;0.0;0.0
7;2013;DEPUTADO;PARLAMENTAR;GLADSON DE LIMA CAMELI;26723.13;0.0;0.0;0.0;-6889.96;0.0;0.0;0.0
7;2013;DEPUTADO;PARLAMENTAR;GLAUBER DE MEDEIROS BRAGA;26723.13;0.0;0.0;0.0;-6889.96;0.0;0.0;0.0
7;2013;DEPUTADO;PARLAMENTAR;GOIACIARA TAVARES CRUZ;26723.13;0.0;0.0;0.0;-6842.66;0.0;0.0;0.0
7;2013;DEPUTADO;PARLAMENTAR;GUILHERME CAMPOS JUNIOR;26723.13;0.0;0.0;0.0;-8594.86;0.0;0.0;0.0
7;2013;DEPUTADO;PARLAMENTAR;GUILHERME MUSSI FERREIRA;26723.13;0.0;0.0;0.0;-6889.96;0.0;0.0;0.0
7;2013;DEPUTADO;PARLAMENTAR;HELIO BATISTA DOS SANTOS;26723.13;0.0;0.0;0.0;-6748.08;0.0;0.0;0.0
7;2013;DEPUTADO;PARLAMENTAR;HENRIQUE AFONSO SOARES LIMA;26723.13;0.0;0.0;0.0;-6889.96;0.0;0.0;0.0
7;2013;DEPUTADO;PARLAMENTAR;HENRIQUE EDUARDO LYRA ALVES;26723.13;0.0;0.0;0.0;-8689.44;0.0;0.0;0.0
7;2013;DEPUTADO;PARLAMENTAR;HENRIQUE FONTANA JUNIOR;26723.13;0.0;0.0;0.0;-8689.44;0.0;0.0;0.0
7;2013;DEPUTADO;PARLAMENTAR;HERBSON JAIRO RIBEIRO BANTIM;26723.13;0.0;0.0;0.0;-8642.15;0.0;0.0;0.0
7;2013;DEPUTADO;PARLAMENTAR;HERMES PARCIANELLO;26723.13;0.0;0.0;0.0;-8594.86;0.0;0.0;0.0
7;2013;DEPUTADO;PARLAMENTAR;HEULER ABREU CRUVINEL;26723.13;0.0;0.0;0.0;-6842.66;0.0;0.0;0.0
7;2013;DEPUTADO;PARLAMENTAR;HIDEKAZU TAKAYAMA;26723.13;0.0;0.0;0.0;-8689.44;0.0;0.0;0.0
7;2013;DEPUTADO;PARLAMENTAR;HOMERO ALVES PEREIRA;26723.13;0.0;0.0;0.0;-8689.44;0.0;0.0;0.0
7;2013;DEPUTADO;PARLAMENTAR;HUGO LEAL MELO DA SILVA;26723.13;0.0;0.0;0.0;-8594.86;0.0;0.0;0.0
7;2013;DEPUTADO;PARLAMENTAR;HUGO MOTTA WANDERLEY DA NOBREGA;26723.13;0.0;0.0;0.0;-8689.44;0.0;0.0;0.0
7;2013;DEPUTADO;PARLAMENTAR;HUGO NAPOLEAO DO REGO NETO;26723.13;0.0;0.0;0.0;-6889.96;0.0;0.0;0.0
7;2013;DEPUTADO;PARLAMENTAR;HUMBERTO GUIMARAES SOUTO;26723.13;0.0;-5894.82;0.0;-5268.88;0.0;0.0;0.0
7;2013;DEPUTADO;PARLAMENTAR;IARA BERNARDI;26723.13;0.0;0.0;0.0;-6889.96;0.0;0.0;0.0
7;2013;DEPUTADO;PARLAMENTAR;INOCENCIO GOMES DE OLIVEIRA;26723.13;0.0;0.0;0.0;-6889.96;0.0;0.0;0.0
7;2013;DEPUTADO;PARLAMENTAR;IOLANDA KEIKO MIASHIRO OTA;26723.13;0.0;0.0;0.0;-6842.66;0.0;0.0;0.0
7;2013;DEPUTADO;PARLAMENTAR;IRACEMA MARIA PORTELLA NUNES NOGUEIRA LIMA;26723.13;0.0;0.0;0.0;-6624.28;0.0;0.0;0.0
7;2013;DEPUTADO;PARLAMENTAR;IRAJA SILVESTRE FILHO;26723.13;0.0;0.0;0.0;-8642.15;0.0;0.0;0.0
7;2013;DEPUTADO;PARLAMENTAR;IRINY NICOLAU CORRES LOPES;26723.13;0.0;0.0;0.0;-6889.96;0.0;0.0;0.0
7;2013;DEPUTADO;PARLAMENTAR;IRIS DE ARAUJO REZENDE MACHADO;26723.13;0.0;0.0;0.0;-6889.96;0.0;0.0;0.0
7;2013;DEPUTADO;PARLAMENTAR;ISAIAS SILVESTRE;26723.13;0.0;0.0;0.0;-6889.96;0.0;0.0;0.0
7;2013;DEPUTADO;PARLAMENTAR;IVAN VALENTE;26723.13;0.0;0.0;0.0;-8642.15;0.0;0.0;0.0
7;2013;DEPUTADO;PARLAMENTAR;IZALCI LUCAS FERREIRA;26723.13;0.0;0.0;0.0;-8594.86;0.0;0.0;0.0
7;2013;DEPUTADO;PARLAMENTAR;JACOB ALFREDO STOFFELS KAEFER;26723.13;0.0;0.0;0.0;-6795.37;0.0;0.0;0.0
7;2013;DEPUTADO;PARLAMENTAR;JAIME MARTINS FILHO;26723.13;0.0;0.0;0.0;-8642.15;0.0;0.0;0.0
7;2013;DEPUTADO;PARLAMENTAR;JAIR MESSIAS BOLSONARO;26723.13;0.0;0.0;0.0;-8689.44;0.0;0.0;0.0
7;2013;DEPUTADO;PARLAMENTAR;JAIRO ATAIDE VIEIRA;26723.13;0.0;0.0;0.0;-8609.60;0.0;0.0;0.0
7;2013;DEPUTADO;PARLAMENTAR;JANDIRA FEGHALI;26723.13;0.0;0.0;0.0;-8594.86;0.0;0.0;0.0
7;2013;DEPUTADO;PARLAMENTAR;JANETE MARIA GOES CAPIBERIBE;26723.13;0.0;0.0;0.0;-8689.44;0.0;0.0;0.0
7;2013;DEPUTADO;PARLAMENTAR;JANETE ROCHA PIETA;26723.13;0.0;0.0;0.0;-8689.44;0.0;0.0;0.0
7;2013;DEPUTADO;PARLAMENTAR;JANIO NATAL ANDRADE BORGES;26723.13;0.0;0.0;0.0;-6889.96;0.0;0.0;0.0
7;2013;DEPUTADO;PARLAMENTAR;JAQUELINE MARIA RORIZ;26723.13;0.0;0.0;0.0;-6842.66;0.0;0.0;0.0
7;2013;DEPUTADO;PARLAMENTAR;JEAN WYLLYS DE MATOS SANTOS;26723.13;0.0;0.0;0.0;-8642.15;0.0;0.0;0.0
7;2013;DEPUTADO;PARLAMENTAR;JEFFERSON ALVES DE CAMPOS;26723.13;0.0;0.0;0.0;-6889.96;0.0;0.0;0.0
7;2013;DEPUTADO;PARLAMENTAR;JERONIMO PIZZOLOTTO GOERGEN;26723.13;0.0;0.0;0.0;-6889.96;0.0;0.0;0.0
7;2013;DEPUTADO;PARLAMENTAR;JESUS RODRIGUES ALVES;26723.13;0.0;0.0;0.0;-8594.86;0.0;0.0;0.0
7;2013;DEPUTADO;PARLAMENTAR;JILMAR AUGUSTINHO TATTO;26723.13;0.0;0.0;0.0;-8594.86;0.0;0.0;0.0
7;2013;DEPUTADO;PARLAMENTAR;JOAO ALBERTO PIZZOLATTI JUNIOR;26723.13;0.0;0.0;0.0;-8594.86;0.0;0.0;0.0
7;2013;DEPUTADO;PARLAMENTAR;JOAO ANANIAS VASCONCELOS NETO;26723.13;0.0;0.0;0.0;-8062.07;0.0;0.0;0.0
7;2013;DEPUTADO;PARLAMENTAR;JOAO BITTAR JUNIOR;26723.13;0.0;0.0;0.0;-8609.60;0.0;0.0;0.0
7;2013;DEPUTADO;PARLAMENTAR;JOAO CAMPOS DE ARAUJO;26723.13;0.0;4175.52;0.0;-9837.71;0.0;0.0;0.0
7;2013;DEPUTADO;PARLAMENTAR;JOAO CARLOS PAOLILO BACELAR FILHO;26723.13;0.0;0.0;0.0;-5025.46;0.0;0.0;0.0
7;2013;DEPUTADO;PARLAMENTAR;JOAO CARLOS SIQUEIRA;26723.13;0.0;0.0;0.0;-8609.60;0.0;0.0;0.0
7;2013;DEPUTADO;PARLAMENTAR;JOAO DA SILVA MAIA;26723.13;0.0;0.0;0.0;-12939.35;0.0;0.0;0.0
7;2013;DEPUTADO;PARLAMENTAR;JOAO DUDIMAR DE AZEVEDO PAXIUBA;26723.13;0.0;0.0;0.0;-5390.07;0.0;0.0;0.0
7;2013;DEPUTADO;PARLAMENTAR;JOAO FELIPE DE SOUZA LEAO;26723.13;0.0;0.0;0.0;-8594.86;0.0;0.0;0.0
7;2013;DEPUTADO;PARLAMENTAR;JOAO JOSE DE ARRUDA JUNIOR;26723.13;0.0;0.0;0.0;-6889.96;0.0;0.0;0.0
7;2013;DEPUTADO;PARLAMENTAR;JOAO JOSE PEREIRA DE LYRA;26723.13;0.0;0.0;0.0;-6889.96;0.0;0.0;0.0
7;2013;DEPUTADO;PARLAMENTAR;JOAO LUCIO MAGALHAES BIFANO;26723.13;0.0;0.0;0.0;-6889.96;0.0;0.0;0.0
7;2013;DEPUTADO;PARLAMENTAR;JOAO LUIZ CORREIA ARGOLO DOS SANTOS;26723.13;0.0;-3233.96;0.0;-7752.81;0.0;0.0;0.0
7;2013;DEPUTADO;PARLAMENTAR;JOAO PAULO CUNHA;26723.13;0.0;0.0;0.0;-8547.57;0.0;0.0;0.0
7;2013;DEPUTADO;PARLAMENTAR;JOAO PAULO LIMA E SILVA;26723.13;0.0;2783.68;0.0;-7412.75;0.0;0.0;0.0
7;2013;DEPUTADO;PARLAMENTAR;JOAO RODRIGUES;26723.13;0.0;0.0;0.0;-6748.08;0.0;0.0;0.0
7;2013;DEPUTADO;PARLAMENTAR;JOAO SANDES JUNIOR;26723.13;0.0;0.0;0.0;-8689.44;0.0;0.0;0.0
7;2013;DEPUTADO;PARLAMENTAR;JOAQUIM DE LIRA MAIA;26723.13;0.0;0.0;0.0;-7964.05;0.0;0.0;0.0
7;2013;DEPUTADO;PARLAMENTAR;JOHNATHAN PEREIRA DE JESUS;26723.13;0.0;0.0;0.0;-6889.96;0.0;0.0;0.0
7;2013;DEPUTADO;PARLAMENTAR;JORGE ALBERTO PORTANOVA MENDES RIBEIRO FILHO;26723.13;0.0;0.0;0.0;-11324.46;0.0;0.0;0.0
7;2013;DEPUTADO;PARLAMENTAR;JORGE RICARDO BITTAR;26723.13;0.0;0.0;0.0;-8642.15;0.0;0.0;0.0
7;2013;DEPUTADO;PARLAMENTAR;JORGE SILVA;26723.13;0.0;-982.47;0.0;-6572.49;0.0;0.0;0.0
7;2013;DEPUTADO;PARLAMENTAR;JORGE TADEU MUDALEN;26723.13;0.0;0.0;0.0;-8689.44;0.0;0.0;0.0
7;2013;DEPUTADO;PARLAMENTAR;JORGE WICKS CORTE REAL;26723.13;0.0;0.0;0.0;-6842.66;0.0;0.0;0.0
7;2013;DEPUTADO;PARLAMENTAR;JORGINHO DOS SANTOS MELLO;26723.13;0.0;0.0;0.0;-6889.96;0.0;0.0;0.0
7;2013;DEPUTADO;PARLAMENTAR;JOSE ABELARDO GUIMARAES CAMARINHA;26723.13;0.0;0.0;0.0;-10152.96;0.0;0.0;0.0
7;2013;DEPUTADO;PARLAMENTAR;JOSE AIRTON FELIX CIRILO DA SILVA;26723.13;0.0;0.0;0.0;-5989.66;0.0;0.0;0.0
7;2013;DEPUTADO;PARLAMENTAR;JOSE ALBERTO OLIVEIRA VELOSO FILHO;26723.13;0.0;0.0;0.0;-6842.66;0.0;0.0;0.0
7;2013;DEPUTADO;PARLAMENTAR;JOSE ALDO REBELO FIGUEIREDO;26723.13;0.0;0.0;0.0;-8689.44;0.0;0.0;0.0
7;2013;DEPUTADO;PARLAMENTAR;JOSE ALFONSO EBERT HAMM;26723.13;0.0;0.0;0.0;-8547.57;0.0;0.0;0.0
7;2013;DEPUTADO;PARLAMENTAR;JOSE ALMEIDA LIMA;26723.13;0.0;1391.84;0.0;-7272.71;0.0;0.0;0.0
7;2013;DEPUTADO;PARLAMENTAR;JOSE ALVES ROCHA;26723.13;0.0;0.0;0.0;-8642.15;0.0;0.0;0.0
7;2013;DEPUTADO;PARLAMENTAR;JOSE ANIBAL PERES DE PONTES;26723.13;0.0;0.0;0.0;-6889.96;0.0;0.0;0.0
7;2013;DEPUTADO;PARLAMENTAR;JOSE ANTONIO MACHADO REGUFFE;26723.13;0.0;0.0;0.0;-6889.96;0.0;0.0;0.0
7;2013;DEPUTADO;PARLAMENTAR;JOSE AUGUSTO MAIA;26723.13;0.0;0.0;0.0;-6269.98;0.0;0.0;0.0
7;2013;DEPUTADO;PARLAMENTAR;JOSE BENITO PRIANTE JUNIOR;26723.13;0.0;1514.66;0.0;-8333.29;0.0;0.0;0.0
7;2013;DEPUTADO;PARLAMENTAR;JOSE CARLOS BECKER DE OLIVEIRA E SILVA;26723.13;0.0;0.0;0.0;-6641.98;0.0;0.0;0.0
7;2013;DEPUTADO;PARLAMENTAR;JOSE CARLOS LEAO DE ARAUJO;26723.13;0.0;0.0;0.0;-6889.96;0.0;0.0;0.0
7;2013;DEPUTADO;PARLAMENTAR;JOSE CARLOS VAZ DE LIMA;26723.13;0.0;0.0;0.0;-8051.60;0.0;0.0;0.0
7;2013;DEPUTADO;PARLAMENTAR;JOSE DA CRUZ MARINHO;26723.13;0.0;0.0;0.0;-7916.76;0.0;0.0;0.0
7;2013;DEPUTADO;PARLAMENTAR;JOSE DE ARAUJO MENDONCA SOBRINHO;26723.13;0.0;0.0;0.0;-7072.70;0.0;0.0;0.0
7;2013;DEPUTADO;PARLAMENTAR;JOSE DE FILIPPI JUNIOR;26723.13;0.0;0.0;0.0;-6842.66;0.0;0.0;0.0
7;2013;DEPUTADO;PARLAMENTAR;JOSE EDUARDO VIEIRA RIBEIRO;26723.13;0.0;0.0;0.0;-6889.96;0.0;0.0;0.0
7;2013;DEPUTADO;PARLAMENTAR;JOSE ELEONILDO SOARES;26723.13;0.0;0.0;0.0;-10113.84;0.0;0.0;0.0
7;2013;DEPUTADO;PARLAMENTAR;JOSE FRANCISCO CERQUEIRA TENORIO;26723.13;0.0;0.0;0.0;-10613.84;0.0;0.0;0.0
7;2013;DEPUTADO;PARLAMENTAR;JOSE FRANCISCO PAES LANDIM;26723.13;0.0;0.0;0.0;-8689.44;0.0;0.0;0.0
7;2013;DEPUTADO;PARLAMENTAR;JOSE GENOINO NETO;26723.13;0.0;0.0;0.0;-8642.15;0.0;0.0;0.0
7;2013;DEPUTADO;PARLAMENTAR;JOSE GERALDO TORRES DA SILVA;26723.13;0.0;0.0;0.0;-7186.34;0.0;0.0;0.0
7;2013;DEPUTADO;PARLAMENTAR;JOSE HENRIQUE OLIVEIRA;26723.13;0.0;0.0;0.0;-6748.08;0.0;0.0;0.0
7;2013;DEPUTADO;PARLAMENTAR;JOSE HUMBERTO SOARES;26723.13;0.0;0.0;0.0;-8500.28;0.0;0.0;0.0
7;2013;DEPUTADO;PARLAMENTAR;JOSE ILARIO GONCALVES MARQUES;26723.13;0.0;2286.58;0.0;-7471.47;0.0;0.0;0.0
7;2013;DEPUTADO;PARLAMENTAR;JOSE LEONARDO COSTA MONTEIRO;26723.13;0.0;0.0;0.0;-8689.44;0.0;0.0;0.0
7;2013;DEPUTADO;PARLAMENTAR;JOSE LINHARES PONTE;26723.13;0.0;0.0;0.0;-8689.44;0.0;0.0;0.0
7;2013;DEPUTADO;PARLAMENTAR;JOSE LUIZ DE FRANCA PENNA;26723.13;0.0;0.0;0.0;-6889.96;0.0;0.0;0.0
7;2013;DEPUTADO;PARLAMENTAR;JOSE LUIZ STEDILE;26723.13;0.0;0.0;0.0;-8689.44;0.0;0.0;0.0
7;2013;DEPUTADO;PARLAMENTAR;JOSE MENDONCA BEZERRA FILHO;26723.13;0.0;0.0;0.0;-8689.44;0.0;0.0;0.0
7;2013;DEPUTADO;PARLAMENTAR;JOSE MENTOR GUILHERME DE MELLO NETTO;26723.13;0.0;0.0;0.0;-8689.44;0.0;0.0;0.0
7;2013;DEPUTADO;PARLAMENTAR;JOSE NAZARENO CARDEAL FONTELES;26723.13;0.0;0.0;0.0;-6826.58;0.0;0.0;0.0
7;2013;DEPUTADO;PARLAMENTAR;JOSE NOBRE GUIMARAES;26723.13;0.0;0.0;0.0;-8156.65;0.0;0.0;0.0
7;2013;DEPUTADO;PARLAMENTAR;JOSE NUNES SOARES;26723.13;0.0;0.0;0.0;-6889.96;0.0;0.0;0.0
7;2013;DEPUTADO;PARLAMENTAR;JOSE OLIMPIO SILVEIRA MORAES;26723.13;0.0;0.0;0.0;-6842.66;0.0;0.0;0.0
7;2013;DEPUTADO;PARLAMENTAR;JOSE OTAVIO GERMANO;26723.13;0.0;8374.4;0.0;-9192.92;0.0;0.0;0.0
7;2013;DEPUTADO;PARLAMENTAR;JOSE RENAN VASCONCELOS CALHEIROS FILHO;26723.13;0.0;0.0;0.0;-6842.66;0.0;0.0;0.0
7;2013;DEPUTADO;PARLAMENTAR;JOSE RICARDO ALVARENGA TRIPOLI;26723.13;0.0;0.0;0.0;-8642.15;0.0;0.0;0.0
7;2013;DEPUTADO;PARLAMENTAR;JOSE ROBERTO OLIVEIRA FARO;26723.13;0.0;0.0;0.0;-6795.37;0.0;0.0;0.0
7;2013;DEPUTADO;PARLAMENTAR;JOSE ROBERTO SANTIAGO GOMES;26723.13;0.0;0.0;0.0;-10421.47;0.0;0.0;0.0
7;2013;DEPUTADO;PARLAMENTAR;JOSE SARAIVA FELIPE;26723.13;0.0;-982.47;0.0;-6619.78;0.0;0.0;0.0
7;2013;DEPUTADO;PARLAMENTAR;JOSE SARNEY FILHO;26723.13;0.0;0.0;0.0;-8594.86;0.0;0.0;0.0
7;2013;DEPUTADO;PARLAMENTAR;JOSE SEVERIANO CHAVES;26723.13;0.0;0.0;0.0;-8689.44;0.0;0.0;0.0
7;2013;DEPUTADO;PARLAMENTAR;JOSE SILVA SOARES;26723.13;0.0;0.0;0.0;-6795.37;0.0;0.0;0.0
7;2013;DEPUTADO;PARLAMENTAR;JOSE SIMPLICIO ALVES DE ARAUJO;26723.13;0.0;-982.47;0.0;-6619.78;0.0;0.0;0.0
7;2013;DEPUTADO;PARLAMENTAR;JOSE VIEIRA LINS;26723.13;0.0;0.0;0.0;-6700.79;0.0;0.0;0.0
7;2013;DEPUTADO;PARLAMENTAR;JOSE WELLINGTON ROBERTO;26723.13;0.0;3128.73;0.0;-9549.84;0.0;0.0;0.0
7;2013;DEPUTADO;PARLAMENTAR;JOSE WILSON SANTIAGO FILHO;26723.13;0.0;0.0;0.0;-8689.44;0.0;0.0;0.0
7;2013;DEPUTADO;PARLAMENTAR;JOSELI ANGELO AGNOLIN;26723.13;0.0;0.0;0.0;-6889.96;0.0;0.0;0.0
7;2013;DEPUTADO;PARLAMENTAR;JOSIAS GOMES DA SILVA;26723.13;0.0;0.0;0.0;-7995.45;0.0;0.0;0.0
7;2013;DEPUTADO;PARLAMENTAR;JOSUE BENGTSON;26723.13;0.0;0.0;0.0;-6889.96;0.0;0.0;0.0
7;2013;DEPUTADO;PARLAMENTAR;JOVAIR DE OLIVEIRA ARANTES;26723.13;0.0;0.0;0.0;-8689.44;0.0;0.0;0.0
7;2013;DEPUTADO;PARLAMENTAR;JULIO CESAR DE CARVALHO LIMA;26723.13;0.0;0.0;0.0;-6889.96;0.0;0.0;0.0
7;2013;DEPUTADO;PARLAMENTAR;JULIO CESAR DELGADO;26723.13;0.0;0.0;0.0;-6889.96;0.0;0.0;0.0
7;2013;DEPUTADO;PARLAMENTAR;JULIO FRANCISCO SEMEGHINI NETO;26723.13;0.0;0.0;0.0;-8689.44;0.0;0.0;0.0
7;2013;DEPUTADO;PARLAMENTAR;JULIO JOSE DE CAMPOS;26723.13;0.0;0.0;0.0;-6889.96;0.0;0.0;0.0
7;2013;DEPUTADO;PARLAMENTAR;JULIO LUIZ BAPTISTA LOPES;26723.13;0.0;0.0;0.0;-6795.37;0.0;0.0;0.0
7;2013;DEPUTADO;PARLAMENTAR;JUNJI ABE;26723.13;0.0;0.0;0.0;-6889.96;0.0;0.0;0.0
7;2013;DEPUTADO;PARLAMENTAR;JUTAHY MAGALHAES JUNIOR;26723.13;0.0;0.0;0.0;-10221.01;0.0;0.0;0.0
7;2013;DEPUTADO;PARLAMENTAR;LAEL VIEIRA VARELLA;26723.13;0.0;0.0;0.0;-8689.44;0.0;0.0;0.0
7;2013;DEPUTADO;PARLAMENTAR;LAERCIO JOSE DE OLIVEIRA;26723.13;0.0;0.0;0.0;-6889.96;0.0;0.0;0.0
7;2013;DEPUTADO;PARLAMENTAR;LAURIETE RODRIGUES PINTO;26723.13;0.0;-982.47;0.0;-6572.49;0.0;0.0;0.0
7;2013;DEPUTADO;PARLAMENTAR;LAZARO BOTELHO MARTINS;26723.13;0.0;0.0;0.0;-6889.96;0.0;0.0;0.0
7;2013;DEPUTADO;PARLAMENTAR;LEONARDO CARNEIRO MONTEIRO PICCIANI;26723.13;0.0;0.0;0.0;-6889.96;0.0;0.0;0.0
7;2013;DEPUTADO;PARLAMENTAR;LEONARDO DE MELO GADELHA;26723.13;0.0;0.0;0.0;-6889.96;0.0;0.0;0.0
7;2013;DEPUTADO;PARLAMENTAR;LEONARDO LEMOS BARROS QUINTAO;26723.13;0.0;0.0;0.0;-8420.43;0.0;0.0;0.0
7;2013;DEPUTADO;PARLAMENTAR;LEONARDO MOURA VILELA;26723.13;0.0;0.0;0.0;-8689.44;0.0;0.0;0.0
7;2013;DEPUTADO;PARLAMENTAR;LEOPOLDO COSTA MEYER;26723.13;0.0;0.0;0.0;-6889.96;0.0;0.0;0.0
7;2013;DEPUTADO;PARLAMENTAR;LILIAM SA DE PAULA;26723.13;0.0;695.92;0.0;-7081.33;0.0;0.0;0.0
7;2013;DEPUTADO;PARLAMENTAR;LINCOLN DINIZ PORTELA;26723.13;0.0;0.0;0.0;-8642.15;0.0;0.0;0.0
7;2013;DEPUTADO;PARLAMENTAR;LOURIVAL MENDES DA FONSECA FILHO;26723.13;0.0;0.0;0.0;-7374.95;0.0;0.0;0.0
7;2013;DEPUTADO;PARLAMENTAR;LUCI TERESINHA KOSWOSKI CHOINACKI;26723.13;0.0;0.0;0.0;-6795.37;0.0;0.0;0.0
7;2013;DEPUTADO;PARLAMENTAR;LUCIANA BARBOSA DE OLIVEIRA SANTOS;26723.13;0.0;0.0;0.0;-8689.44;0.0;0.0;0.0
7;2013;DEPUTADO;PARLAMENTAR;LUCIANO DE SOUZA CASTRO;26723.13;0.0;0.0;0.0;-8106.88;0.0;0.0;0.0
7;2013;DEPUTADO;PARLAMENTAR;LUCIO DUTRA VALE;26723.13;0.0;0.0;0.0;-6795.37;0.0;0.0;0.0
7;2013;DEPUTADO;PARLAMENTAR;LUCIO QUADROS VIEIRA LIMA;26723.13;0.0;-982.47;0.0;-6525.19;0.0;0.0;0.0
7;2013;DEPUTADO;PARLAMENTAR;LUIS CARLOS HEINZE;26723.13;0.0;0.0;0.0;-8689.44;0.0;0.0;0.0
7;2013;DEPUTADO;PARLAMENTAR;LUIS HENRIQUE DE OLIVEIRA RESENDE;26723.13;0.0;0.0;0.0;-8689.44;0.0;0.0;0.0
7;2013;DEPUTADO;PARLAMENTAR;LUIZ ALBERTO SILVA DOS SANTOS;26723.13;0.0;0.0;0.0;-6889.96;0.0;0.0;0.0
7;2013;DEPUTADO;PARLAMENTAR;LUIZ ALBUQUERQUE COUTO;26723.13;0.0;0.0;0.0;-6889.96;0.0;0.0;0.0
7;2013;DEPUTADO;PARLAMENTAR;LUIZ BARBOSA DE DEUS;26723.13;0.0;0.0;0.0;-6889.96;0.0;0.0;0.0
7;2013;DEPUTADO;PARLAMENTAR;LUIZ CARLOS GHIORZZI BUSATO;26723.13;0.0;0.0;0.0;-8642.15;0.0;0.0;0.0
7;2013;DEPUTADO;PARLAMENTAR;LUIZ CARLOS GOMES DOS SANTOS JUNIOR;26723.13;0.0;0.0;0.0;-6889.96;0.0;0.0;0.0
7;2013;DEPUTADO;PARLAMENTAR;LUIZ CARLOS JORGE HAULY;26723.13;0.0;0.0;0.0;-8642.15;0.0;0.0;0.0
7;2013;DEPUTADO;PARLAMENTAR;LUIZ CARLOS PIETSCHMANN;26723.13;0.0;0.0;0.0;-8594.86;0.0;0.0;0.0
7;2013;DEPUTADO;PARLAMENTAR;LUIZ FERNANDO ARANTES MACHADO;26723.13;0.0;0.0;0.0;-6842.66;0.0;0.0;0.0
7;2013;DEPUTADO;PARLAMENTAR;LUIZ FERNANDO RAMOS FARIA;26723.13;0.0;0.0;0.0;-8467.72;0.0;0.0;0.0
7;2013;DEPUTADO;PARLAMENTAR;LUIZ FERNANDO SARMENTO NICOLAU;26723.13;0.0;0.0;0.0;-6889.96;0.0;0.0;0.0
7;2013;DEPUTADO;PARLAMENTAR;LUIZ GONZAGA PATRIOTA;26723.13;0.0;0.0;0.0;-10284.44;0.0;0.0;0.0
7;2013;DEPUTADO;PARLAMENTAR;LUIZ HENRIQUE MANDETTA;26723.13;0.0;0.0;0.0;-6748.08;0.0;0.0;0.0
7;2013;DEPUTADO;PARLAMENTAR;LUIZ HILOSHI NISHIMORI;26723.13;0.0;0.0;0.0;-6889.96;0.0;0.0;0.0
7;2013;DEPUTADO;PARLAMENTAR;LUIZ PAULO TEIXEIRA FERREIRA;26723.13;0.0;0.0;0.0;-9965.72;0.0;0.0;0.0
7;2013;DEPUTADO;PARLAMENTAR;LUIZ ROBERTO DE ALBUQUERQUE;26723.13;0.0;0.0;0.0;-8689.44;0.0;0.0;0.0
7;2013;DEPUTADO;PARLAMENTAR;LUIZ SERGIO NOBREGA DE OLIVEIRA;26723.13;0.0;0.0;0.0;-8642.15;0.0;0.0;0.0
7;2013;DEPUTADO;PARLAMENTAR;LUIZA ERUNDINA DE SOUSA;26723.13;0.0;0.0;0.0;-6510.98;0.0;0.0;0.0
7;2013;DEPUTADO;PARLAMENTAR;MAGDA MOFATTO HON;26723.13;0.0;0.0;0.0;-6889.96;0.0;0.0;0.0
7;2013;DEPUTADO;PARLAMENTAR;MANOEL ALVES DA SILVA JUNIOR;26723.13;0.0;0.0;0.0;-8131.35;0.0;0.0;0.0
7;2013;DEPUTADO;PARLAMENTAR;MANOEL SALVIANO SOBRINHO;26723.13;0.0;0.0;0.0;-8689.44;0.0;0.0;0.0
7;2013;DEPUTADO;PARLAMENTAR;MANUEL ROSA DA SILVA;26723.13;0.0;0.0;0.0;-6889.96;0.0;0.0;0.0
7;2013;DEPUTADO;PARLAMENTAR;MANUELA PINTO VIEIRA D'AVILA;26723.13;0.0;0.0;0.0;-10107.59;0.0;0.0;0.0
7;2013;DEPUTADO;PARLAMENTAR;MARA CRISTINA GABRILLI;26723.13;0.0;0.0;0.0;-10721.83;0.0;0.0;0.0
7;2013;DEPUTADO;PARLAMENTAR;MARCAL GONCALVES LEITE FILHO;26723.13;0.0;0.0;0.0;-6842.66;0.0;0.0;0.0
7;2013;DEPUTADO;PARLAMENTAR;MARCELO COSTA E CASTRO;26723.13;0.0;-982.47;0.0;-6489.51;0.0;0.0;0.0
7;2013;DEPUTADO;PARLAMENTAR;MARCELO DE OLIVEIRA GUIMARAES FILHO;0.0;0.0;7655.12;0.0;-1314.57;0.0;0.0;0.0
7;2013;DEPUTADO;PARLAMENTAR;MARCELO THEODORO DE AGUIAR;26723.13;0.0;0.0;0.0;-6842.66;0.0;0.0;0.0
7;2013;DEPUTADO;PARLAMENTAR;MARCELO VIVIANI GONCALVES;26723.13;0.0;0.0;0.0;-6700.79;0.0;0.0;0.0
7;2013;DEPUTADO;PARLAMENTAR;MARCIO CARLOS MARINHO;26723.13;0.0;0.0;0.0;-6889.96;0.0;0.0;0.0
7;2013;DEPUTADO;PARLAMENTAR;MARCIO COSTA MACEDO;26723.13;0.0;0.0;0.0;-8689.44;0.0;0.0;0.0
7;2013;DEPUTADO;PARLAMENTAR;MARCIO HENRIQUE JUNQUEIRA PEREIRA;26723.13;0.0;-982.47;0.0;-6619.78;0.0;0.0;0.0
7;2013;DEPUTADO;PARLAMENTAR;MARCIO LUIZ FRANCA GOMES;26723.13;0.0;0.0;0.0;-6795.37;0.0;0.0;0.0
7;2013;DEPUTADO;PARLAMENTAR;MARCIO MIGUEL BITTAR;26723.13;0.0;0.0;0.0;-6795.37;0.0;0.0;0.0
7;2013;DEPUTADO;PARLAMENTAR;MARCO ANTONIO FELICIANO;26723.13;0.0;0.0;0.0;-6889.96;0.0;0.0;0.0
7;2013;DEPUTADO;PARLAMENTAR;MARCO ANTONIO TEBALDI;26723.13;0.0;-982.47;0.0;-6605.58;0.0;0.0;0.0
7;2013;DEPUTADO;PARLAMENTAR;MARCO AURELIO SPALL MAIA;26723.13;0.0;0.0;0.0;-6889.96;0.0;0.0;0.0
7;2013;DEPUTADO;PARLAMENTAR;MARCO AURELIO UBIALI;26723.13;0.0;0.0;0.0;-8689.44;0.0;0.0;0.0
7;2013;DEPUTADO;PARLAMENTAR;MARCOS ANTONIO MEDRADO;26723.13;0.0;0.0;0.0;-8500.28;0.0;0.0;0.0
7;2013;DEPUTADO;APOSENTADORIA PARLAMENTAR;MARCOS GUIMARAES DE CERQUEIRA LIMA;18477.12;0.0;0.0;0.0;-3656.88;0.0;0.0;0.0
7;2013;DEPUTADO;PARLAMENTAR;MARCOS MONTES CORDEIRO;26723.13;0.0;0.0;0.0;-6842.66;0.0;0.0;0.0
7;2013;DEPUTADO;PARLAMENTAR;MARCOS ROGERIO DA SILVA BRITO;26723.13;0.0;0.0;0.0;-6889.96;0.0;0.0;0.0
7;2013;DEPUTADO;PARLAMENTAR;MARCUS VINICIUS CAETANO PESTANA DA SILVA;26723.13;0.0;0.0;0.0;-8609.60;0.0;0.0;0.0
7;2013;DEPUTADO;PARLAMENTAR;MARIA AUXILIADORA SEABRA REZENDE;26723.13;0.0;0.0;0.0;-7036.50;0.0;0.0;0.0
7;2013;DEPUTADO;PARLAMENTAR;MARIA DALVA DE SOUZA FIGUEIREDO;26723.13;0.0;0.0;0.0;-6941.71;0.0;0.0;0.0
7;2013;DEPUTADO;PARLAMENTAR;MARIA DE FATIMA BEZERRA;26723.13;0.0;0.0;0.0;-6889.96;0.0;0.0;0.0
7;2013;DEPUTADO;PARLAMENTAR;MARIA DO ROSARIO NUNES;26723.13;0.0;0.0;0.0;-12248.06;0.0;0.0;0.0
7;2013;DEPUTADO;PARLAMENTAR;MARIA DO SOCORRO JO MORAES;26723.13;0.0;0.0;0.0;-8609.60;0.0;0.0;0.0
7;2013;DEPUTADO;PARLAMENTAR;MARIA GORETE PEREIRA;26723.13;0.0;0.0;0.0;-8156.65;0.0;0.0;0.0
7;2013;DEPUTADO;PARLAMENTAR;MARIA MARGARIDA MARTINS SALOMAO;26723.13;0.0;0.0;0.0;-6889.96;0.0;0.0;0.0
7;2013;DEPUTADO;PARLAMENTAR;MARIA PERPETUA DE ALMEIDA;26723.13;0.0;0.0;0.0;-6889.96;0.0;0.0;0.0
7;2013;DEPUTADO;PARLAMENTAR;MARIO DE OLIVEIRA;8907.7;0.0;4453.86;0.0;-2770.38;0.0;0.0;0.0
7;2013;DEPUTADO;PARLAMENTAR;MARIO FEITOZA DE CARVALHO FREITAS;26723.13;0.0;574.47;0.0;-7108.67;0.0;0.0;0.0
7;2013;DEPUTADO;PARLAMENTAR;MARIO LUCIO HERINGER;26723.13;0.0;0.0;0.0;-6889.96;0.0;0.0;0.0
7;2013;DEPUTADO;PARLAMENTAR;MARIO SILVIO MENDES NEGROMONTE;26723.13;0.0;0.0;0.0;-8689.44;0.0;0.0;0.0
7;2013;DEPUTADO;PARLAMENTAR;MARITON BENEDITO DE HOLANDA;26723.13;0.0;695.92;0.0;-7081.33;0.0;0.0;0.0
7;2013;DEPUTADO;PARLAMENTAR;MARLLOS ROSSANO RIBEIRO GONCALVES DE SAMPAIO;26723.13;0.0;0.0;0.0;-7274.46;0.0;0.0;0.0
7;2013;DEPUTADO;PARLAMENTAR;MAURICIO GONCALVES TRINDADE;26723.13;0.0;0.0;0.0;-6700.79;0.0;0.0;0.0
7;2013;DEPUTADO;PARLAMENTAR;MAURICIO QUINTELLA MALTA LESSA;26723.13;0.0;0.0;0.0;-6889.96;0.0;0.0;0.0
7;2013;DEPUTADO;PARLAMENTAR;MAURO MARIANI;26723.13;0.0;0.0;0.0;-7779.88;0.0;0.0;0.0
7;2013;DEPUTADO;PARLAMENTAR;MAURO RIBEIRO LOPES;26723.13;0.0;0.0;0.0;-6889.96;0.0;0.0;0.0
7;2013;DEPUTADO;PARLAMENTAR;MIGUEL CORREA DA SILVA JUNIOR;26723.13;0.0;0.0;0.0;-10081.93;0.0;0.0;0.0
7;2013;DEPUTADO;PARLAMENTAR;MILTON ANTONIO CASQUEL MONTI;26723.13;0.0;0.0;0.0;-8500.28;0.0;0.0;0.0
7;2013;DEPUTADO;PARLAMENTAR;MIRO TEIXEIRA;26723.13;0.0;0.0;0.0;-8689.44;0.0;0.0;0.0
7;2013;DEPUTADO;PARLAMENTAR;NARCIO RODRIGUES DA SILVEIRA;26723.13;0.0;0.0;0.0;-8689.44;0.0;0.0;0.0
7;2013;DEPUTADO;PARLAMENTAR;NELSON MARCHEZAN JUNIOR;26723.13;0.0;0.0;0.0;-7785.78;0.0;0.0;0.0
7;2013;DEPUTADO;PARLAMENTAR;NELSON MARQUEZELLI;26723.13;0.0;0.0;0.0;-8689.44;0.0;0.0;0.0
7;2013;DEPUTADO;PARLAMENTAR;NELSON MEURER;26723.13;0.0;0.0;0.0;-8689.44;0.0;0.0;0.0
7;2013;DEPUTADO;PARLAMENTAR;NELSON PADOVANI;26723.13;0.0;0.0;0.0;-6889.96;0.0;0.0;0.0
7;2013;DEPUTADO;APOSENTADORIA PARLAMENTAR;NELSON ROBERTO BORNIER DE OLIVEIRA;14583.19;0.0;0.0;0.0;-4051.12;0.0;0.0;0.0
7;2013;DEPUTADO;PARLAMENTAR;NELSON VICENTE PORTELA PELLEGRINO;26723.13;0.0;0.0;0.0;-10099.85;0.0;0.0;0.0
7;2013;DEPUTADO;PARLAMENTAR;NEWTON CARDOSO;26723.13;0.0;0.0;0.0;-2437.16;0.0;0.0;0.0
7;2013;DEPUTADO;PARLAMENTAR;NEWTON LIMA NETO;26723.13;0.0;0.0;0.0;-6889.96;0.0;0.0;0.0
7;2013;DEPUTADO;PARLAMENTAR;NILMAR GAVINO RUIZ;26723.13;0.0;0.0;0.0;-6889.96;0.0;0.0;0.0
7;2013;DEPUTADO;PARLAMENTAR;NILMARIO DE MIRANDA;26723.13;0.0;0.0;0.0;-6889.96;0.0;0.0;0.0
7;2013;DEPUTADO;PARLAMENTAR;NILSON APARECIDO LEITAO;26723.13;0.0;0.0;0.0;-6700.79;0.0;0.0;0.0
7;2013;DEPUTADO;PARLAMENTAR;NILSON PINTO DE OLIVEIRA;26723.13;0.0;0.0;0.0;-6558.28;0.0;0.0;0.0
7;2013;DEPUTADO;PARLAMENTAR;NILTON BALBINO;26723.13;0.0;0.0;0.0;-8642.15;0.0;0.0;0.0
7;2013;DEPUTADO;PARLAMENTAR;ODAIR JOSE DA CUNHA;26723.13;0.0;0.0;0.0;-10244.01;0.0;0.0;0.0
7;2013;DEPUTADO;PARLAMENTAR;ODILIO BALBINOTTI;26723.13;0.0;-6877.29;0.0;-4998.70;0.0;0.0;0.0
7;2013;DEPUTADO;PARLAMENTAR;OLAVO BILAC PINTO NETO;26723.13;0.0;0.0;0.0;-8420.43;0.0;0.0;0.0
7;2013;DEPUTADO;PARLAMENTAR;ONYX DORNELLES LORENZONI;26723.13;0.0;0.0;0.0;-10244.01;0.0;0.0;0.0
7;2013;DEPUTADO;PARLAMENTAR;OSMAR GASPARINI TERRA;26723.13;0.0;695.92;0.0;-7081.33;0.0;0.0;0.0
7;2013;DEPUTADO;PARLAMENTAR;OSMAR JOSE SERRAGLIO;26723.13;0.0;0.0;0.0;-8642.15;0.0;0.0;0.0
7;2013;DEPUTADO;PARLAMENTAR;OSMAR RIBEIRO DE ALMEIDA JUNIOR;26723.13;0.0;0.0;0.0;-6842.66;0.0;0.0;0.0
7;2013;DEPUTADO;APOSENTADORIA PARLAMENTAR;OSVALDO DE SOUZA COELHO;26181.02;0.0;0.0;0.0;-7647.69;0.0;0.0;0.0
7;2013;DEPUTADO;PARLAMENTAR;OSVALDO DE SOUZA REIS;26723.13;0.0;0.0;0.0;-6071.84;0.0;0.0;0.0
7;2013;DEPUTADO;PARLAMENTAR;OTAVIO SANTOS SILVA LEITE;26723.13;0.0;0.0;0.0;-7174.90;0.0;0.0;0.0
7;2013;DEPUTADO;PARLAMENTAR;OTONIEL CARLOS DE LIMA;26723.13;0.0;0.0;0.0;-6795.37;0.0;0.0;0.0
7;2013;DEPUTADO;PARLAMENTAR;OZANILDA GONDIM VITAL DO REGO;26723.13;0.0;0.0;0.0;-6889.96;0.0;0.0;0.0
7;2013;DEPUTADO;PARLAMENTAR;OZIEL ALVES DE OLIVEIRA;26723.13;0.0;0.0;0.0;-8547.57;0.0;0.0;0.0
7;2013;DEPUTADO;PARLAMENTAR;PAUDERNEY TOMAZ AVELINO;26723.13;0.0;0.0;0.0;-8594.86;0.0;0.0;0.0
7;2013;DEPUTADO;PARLAMENTAR;PAULO ABI-ACKEL;26723.13;0.0;0.0;0.0;-8689.44;0.0;0.0;0.0
7;2013;DEPUTADO;PARLAMENTAR;PAULO ADALBERTO ALVES FERREIRA;26723.13;0.0;0.0;0.0;-6842.66;0.0;0.0;0.0
7;2013;DEPUTADO;PARLAMENTAR;PAULO CESAR DA GUIA ALMEIDA;26723.13;0.0;0.0;0.0;-6683.56;0.0;0.0;0.0
7;2013;DEPUTADO;PARLAMENTAR;PAULO CESAR JUSTO QUARTIERO;26723.13;0.0;0.0;0.0;-6842.66;0.0;0.0;0.0
7;2013;DEPUTADO;PARLAMENTAR;PAULO FERNANDO DOS SANTOS;26723.13;0.0;0.0;0.0;-6889.96;0.0;0.0;0.0
7;2013;DEPUTADO;PARLAMENTAR;PAULO FERNANDO FEIJO TORRES;26723.13;0.0;0.0;0.0;-8642.15;0.0;0.0;0.0
7;2013;DEPUTADO;PARLAMENTAR;PAULO PEREIRA DA SILVA;26723.13;0.0;-3929.88;0.0;-5809.24;0.0;0.0;0.0
7;2013;DEPUTADO;PARLAMENTAR;PAULO ROBERTO BARRETO BORNHAUSEN;26723.13;0.0;0.0;0.0;-8594.86;0.0;0.0;0.0
7;2013;DEPUTADO;PARLAMENTAR;PAULO ROBERTO FOLETTO;26723.13;0.0;0.0;0.0;-6895.66;0.0;0.0;0.0
7;2013;DEPUTADO;PARLAMENTAR;PAULO ROBERTO FREIRE DA COSTA;26723.13;0.0;3479.6;0.0;-9599.04;0.0;0.0;0.0
7;2013;DEPUTADO;PARLAMENTAR;PAULO ROBERTO GOMES MANSUR;26723.13;0.0;695.92;0.0;-10298.97;0.0;0.0;0.0
7;2013;DEPUTADO;PARLAMENTAR;PAULO ROBERTO SEVERO PIMENTA;26723.13;0.0;0.0;0.0;-8689.44;0.0;0.0;0.0
7;2013;DEPUTADO;PARLAMENTAR;PAULO RUBEM SANTIAGO FERREIRA;26723.13;0.0;0.0;0.0;-5253.72;0.0;0.0;0.0
7;2013;DEPUTADO;PARLAMENTAR;PAULO SALIM MALUF;26723.13;0.0;0.0;0.0;-6748.08;0.0;0.0;0.0
7;2013;DEPUTADO;PARLAMENTAR;PAULO SERGIO PARANHOS DE MAGALHAES;26723.13;0.0;0.0;0.0;-8642.15;0.0;0.0;0.0
7;2013;DEPUTADO;PARLAMENTAR;PAULO WAGNER LEITE DANTAS;26723.13;0.0;0.0;0.0;-8689.44;0.0;0.0;0.0
7;2013;DEPUTADO;PARLAMENTAR;PEDRO DOS SANTOS LIMA GUERRA;26723.13;0.0;0.0;0.0;-14238.82;0.0;0.0;26723.13
7;2013;DEPUTADO;PARLAMENTAR;PEDRO EUGENIO DE CASTRO TOLEDO CABRAL;26723.13;0.0;0.0;0.0;-6889.96;0.0;0.0;0.0
7;2013;DEPUTADO;PARLAMENTAR;PEDRO FERNANDES RIBEIRO;26723.13;0.0;0.0;0.0;-8689.44;0.0;0.0;0.0
7;2013;DEPUTADO;PARLAMENTAR;PEDRO FRANCISCO UCZAI;26723.13;0.0;0.0;0.0;-7914.61;0.0;0.0;0.0
7;2013;DEPUTADO;PARLAMENTAR;PEDRO HENRY NETO;26723.13;0.0;0.0;0.0;-8594.86;0.0;0.0;0.0
7;2013;DEPUTADO;PARLAMENTAR;PEDRO NOVAIS LIMA;26723.13;0.0;0.0;0.0;-6889.96;0.0;0.0;0.0
7;2013;DEPUTADO;PARLAMENTAR;PEDRO PAULO CARVALHO TEIXEIRA;26723.13;0.0;0.0;0.0;-10502.29;0.0;0.0;0.0
7;2013;DEPUTADO;PARLAMENTAR;PEDRO PINHEIRO CHAVES;26723.13;0.0;0.0;0.0;-8689.44;0.0;0.0;0.0
7;2013;DEPUTADO;PARLAMENTAR;PROTOGENES PINHEIRO DE QUEIROZ;26723.13;0.0;0.0;0.0;-8547.57;0.0;0.0;0.0
7;2013;DEPUTADO;PARLAMENTAR;RAIMUNDO COIMBRA JUNIOR;26723.13;0.0;0.0;0.0;-6753.41;0.0;0.0;0.0
7;2013;DEPUTADO;PARLAMENTAR;RAIMUNDO GOMES DE MATOS;26723.13;0.0;0.0;0.0;-8594.86;0.0;0.0;0.0
7;2013;DEPUTADO;PARLAMENTAR;RAIMUNDO SABINO CASTELO BRANCO MAUES;26723.13;0.0;0.0;0.0;-6795.37;0.0;0.0;0.0
7;2013;DEPUTADO;PARLAMENTAR;RAUL DA SILVA LIMA SOBRINHO;26723.13;0.0;0.0;0.0;-6683.07;0.0;0.0;0.0
7;2013;DEPUTADO;PARLAMENTAR;RAUL JEAN LOUIS HENRY JUNIOR;26723.13;0.0;0.0;0.0;-6889.96;0.0;0.0;0.0
7;2013;DEPUTADO;PARLAMENTAR;REBECCA MARTINS GARCIA;26723.13;0.0;0.0;0.0;-8594.86;0.0;0.0;0.0
7;2013;DEPUTADO;PARLAMENTAR;REGINALDO LAZARO DE OLIVEIRA LOPES;26723.13;0.0;1391.84;0.0;-10482.61;0.0;0.0;0.0
7;2013;DEPUTADO;PARLAMENTAR;REINALDO AZAMBUJA SILVA;26723.13;0.0;0.0;0.0;-6889.96;0.0;0.0;0.0
7;2013;DEPUTADO;PARLAMENTAR;REINHOLD STEPHANES;26723.13;0.0;0.0;0.0;-8689.44;0.0;0.0;0.0
7;2013;DEPUTADO;PARLAMENTAR;RENATO BARBOSA DE ANDRADE;26723.13;0.0;0.0;0.0;-6889.96;0.0;0.0;0.0
7;2013;DEPUTADO;PARLAMENTAR;RENATO DELMAR MOLLING;26723.13;0.0;0.0;0.0;-8547.57;0.0;0.0;0.0
7;2013;DEPUTADO;PARLAMENTAR;RENZO DO AMARAL BRAZ;26723.13;0.0;-3929.88;0.0;-7466.85;0.0;0.0;0.0
7;2013;DEPUTADO;PARLAMENTAR;RICARDO ARRUDA NUNES;5344.62;0.0;0.0;0.0;-3001.58;0.0;0.0;0.0
7;2013;DEPUTADO;PARLAMENTAR;RICARDO IZAR JUNIOR;26723.13;0.0;0.0;0.0;-8689.44;0.0;0.0;0.0
7;2013;DEPUTADO;PARLAMENTAR;RICARDO JOSE RIBEIRO BERZOINI;26723.13;0.0;0.0;0.0;-6748.08;0.0;0.0;0.0
7;2013;DEPUTADO;PARLAMENTAR;ROBERTO ALVES DE LUCENA;26723.13;0.0;0.0;0.0;-6795.37;0.0;0.0;0.0
7;2013;DEPUTADO;PARLAMENTAR;ROBERTO EGIDIO BALESTRA;26723.13;0.0;0.0;0.0;-8689.44;0.0;0.0;0.0
7;2013;DEPUTADO;PARLAMENTAR;ROBERTO JOAO PEREIRA FREIRE;26723.13;0.0;0.0;0.0;-6889.96;0.0;0.0;0.0
7;2013;DEPUTADO;PARLAMENTAR;ROBERTO PEREIRA DE BRITTO;26723.13;0.0;0.0;0.0;-6842.66;0.0;0.0;0.0
7;2013;DEPUTADO;PARLAMENTAR;ROBERTO POLICARPO FAGUNDES;26723.13;0.0;0.0;0.0;-7137.35;0.0;0.0;0.0
7;2013;DEPUTADO;PARLAMENTAR;ROBERTO SERGIO RIBEIRO COUTINHO TEIXEIRA;26723.13;0.0;0.0;0.0;-6748.08;0.0;0.0;0.0
7;2013;DEPUTADO;PARLAMENTAR;RODRIGO BATISTA DE CASTRO;26723.13;0.0;0.0;0.0;-6795.37;0.0;0.0;0.0
7;2013;DEPUTADO;PARLAMENTAR;RODRIGO BETHLEM FERNANDES;26723.13;0.0;0.0;0.0;-6889.96;0.0;0.0;0.0
7;2013;DEPUTADO;PARLAMENTAR;RODRIGO FELINTO IBARRA EPITACIO MAIA;26723.13;0.0;0.0;0.0;-8689.44;0.0;0.0;0.0
7;2013;DEPUTADO;PARLAMENTAR;RODRIGO GARCIA;26723.13;0.0;0.0;0.0;-8547.57;0.0;0.0;0.0
7;2013;DEPUTADO;PARLAMENTAR;RODRIGO MOREIRA LADEIRA GRILO;26723.13;0.0;0.0;0.0;-6795.37;0.0;0.0;0.0
7;2013;DEPUTADO;PARLAMENTAR;ROGERIO CARVALHO SANTOS;26723.13;0.0;0.0;0.0;-6672.56;0.0;0.0;0.0
7;2013;DEPUTADO;PARLAMENTAR;ROGERIO MENDONCA;26723.13;0.0;0.0;0.0;-8689.44;0.0;0.0;0.0
7;2013;DEPUTADO;PARLAMENTAR;ROMARIO DE SOUZA FARIA;26723.13;0.0;0.0;0.0;-6653.50;0.0;0.0;0.0
7;2013;DEPUTADO;PARLAMENTAR;RONALDO FONSECA DE SOUZA;26723.13;0.0;0.0;0.0;-5426.23;0.0;0.0;0.0
7;2013;DEPUTADO;PARLAMENTAR;RONALDO JOSE BENEDET;26723.13;0.0;0.0;0.0;-8689.44;0.0;0.0;0.0
7;2013;DEPUTADO;PARLAMENTAR;RONALDO MIRO ZULKE;26723.13;0.0;0.0;0.0;-7961.21;0.0;0.0;0.0
7;2013;DEPUTADO;PARLAMENTAR;RONALDO NOGUEIRA DE OLIVEIRA;26723.13;0.0;0.0;0.0;-6748.08;0.0;0.0;0.0
7;2013;DEPUTADO;PARLAMENTAR;RONALDO RAMOS CAIADO;26723.13;0.0;0.0;0.0;-8594.86;0.0;0.0;0.0
7;2013;DEPUTADO;PARLAMENTAR;ROSILDA DE FREITAS;26723.13;0.0;7655.12;0.0;-10794.60;0.0;0.0;0.0
7;2013;DEPUTADO;PARLAMENTAR;RUBENS BUENO;26723.13;0.0;0.0;0.0;-8642.15;0.0;0.0;0.0
7;2013;DEPUTADO;PARLAMENTAR;RUBENS MOREIRA MENDES FILHO;26723.13;0.0;0.0;0.0;-6842.66;0.0;0.0;0.0
7;2013;DEPUTADO;PARLAMENTAR;RUBENS OTONI GOMIDE;26723.13;0.0;0.0;0.0;-6889.96;0.0;0.0;0.0
7;2013;DEPUTADO;PARLAMENTAR;RUI COSTA DOS SANTOS;26723.13;0.0;0.0;0.0;-6917.62;0.0;0.0;0.0
7;2013;DEPUTADO;PARLAMENTAR;SALVADOR ZIMBALDI FILHO;26723.13;0.0;0.0;0.0;-8689.44;0.0;0.0;0.0
7;2013;DEPUTADO;PARLAMENTAR;SANDRA MARIA DA ESCOSSIA ROSADO;26723.13;0.0;0.0;0.0;-8689.44;0.0;0.0;0.0
7;2013;DEPUTADO;PARLAMENTAR;SANDRO ALEX CRUZ DE OLIVEIRA;26723.13;0.0;0.0;0.0;-6889.96;0.0;0.0;0.0
7;2013;DEPUTADO;PARLAMENTAR;SEBASTIAO FERREIRA DA ROCHA;26723.13;0.0;0.0;0.0;-7162.48;0.0;0.0;0.0
7;2013;DEPUTADO;PARLAMENTAR;SEBASTIAO SIBA MACHADO OLIVEIRA;26723.13;0.0;0.0;0.0;-6842.66;0.0;0.0;0.0
7;2013;DEPUTADO;PARLAMENTAR;SERGIO IVAN MORAES;26723.13;0.0;0.0;0.0;-6748.08;0.0;0.0;0.0
7;2013;DEPUTADO;PARLAMENTAR;SERGIO LUIS LACERDA BRITO;26723.13;0.0;0.0;0.0;-6842.66;0.0;0.0;0.0
7;2013;DEPUTADO;PARLAMENTAR;SERGIO PAULO DE OLIVEIRA;26723.13;0.0;0.0;0.0;-6889.96;0.0;0.0;0.0
7;2013;DEPUTADO;PARLAMENTAR;SERGIO ZVEITER;26723.13;0.0;0.0;0.0;-6842.66;0.0;0.0;0.0
7;2013;DEPUTADO;PARLAMENTAR;SETIMO WAQUIM;26723.13;0.0;-982.47;0.0;-6525.19;0.0;0.0;0.0
7;2013;DEPUTADO;PARLAMENTAR;SEVERINO DE SOUZA SILVA;26723.13;0.0;0.0;0.0;-6889.96;0.0;0.0;0.0
7;2013;DEPUTADO;PARLAMENTAR;SEVERINO SERGIO ESTELITA GUERRA;26723.13;0.0;0.0;0.0;-8642.15;0.0;0.0;0.0
7;2013;DEPUTADO;PARLAMENTAR;SILAS BRASILEIRO;26723.13;0.0;0.0;0.0;-8594.86;0.0;0.0;0.0
7;2013;DEPUTADO;PARLAMENTAR;SILAS CAMARA;26723.13;0.0;0.0;0.0;-8689.44;0.0;0.0;0.0
7;2013;DEPUTADO;PARLAMENTAR;SILVIO SERAFIM COSTA;26723.13;0.0;-2947.41;0.0;-6079.42;0.0;0.0;0.0
7;2013;DEPUTADO;PARLAMENTAR;SIMAO SESSIM;26723.13;0.0;0.0;0.0;-6889.96;0.0;0.0;0.0
7;2013;DEPUTADO;PARLAMENTAR;STEFANO AGUIAR DOS SANTOS;17815.43;0.0;0.0;0.0;-4440.34;0.0;0.0;0.0
7;2013;DEPUTADO;PARLAMENTAR;STEPAN NERCESSIAN;26723.13;0.0;-1964.94;0.0;-6349.60;0.0;0.0;0.0
7;2013;DEPUTADO;PARLAMENTAR;SUELI RANGEL SILVA VIDIGAL;26723.13;0.0;0.0;0.0;-8642.15;0.0;0.0;0.0
7;2013;DEPUTADO;PARLAMENTAR;TAUMATURGO LIMA CORDEIRO;26723.13;0.0;0.0;0.0;-8014.91;0.0;0.0;0.0
7;2013;DEPUTADO;PARLAMENTAR;THIAGO MELLO PEIXOTO DA SILVEIRA;26723.13;0.0;0.0;0.0;-6842.66;0.0;0.0;0.0
7;2013;DEPUTADO;PARLAMENTAR;URZENI DA ROCHA FREITAS FILHO;26723.13;0.0;0.0;0.0;-6748.08;0.0;0.0;0.0
7;2013;DEPUTADO;PARLAMENTAR;VALDEMAR COSTA NETO;26723.13;0.0;0.0;0.0;-8689.44;0.0;0.0;0.0
7;2013;DEPUTADO;PARLAMENTAR;VALDIR COLATTO;26723.13;0.0;0.0;0.0;-8642.15;0.0;0.0;0.0
7;2013;DEPUTADO;PARLAMENTAR;VALDIVINO JOSE DE OLIVEIRA;26723.13;0.0;0.0;0.0;-6889.96;0.0;0.0;0.0
7;2013;DEPUTADO;PARLAMENTAR;VALMIR CARLOS DA ASSUNCAO;26723.13;0.0;0.0;0.0;-8689.44;0.0;0.0;0.0
7;2013;DEPUTADO;PARLAMENTAR;VALTENIR LUIZ PEREIRA;26723.13;0.0;0.0;0.0;-5801.57;0.0;0.0;0.0
7;2013;DEPUTADO;PARLAMENTAR;VANDER LUIZ DOS SANTOS LOUBET;26723.13;0.0;0.0;0.0;-10268.51;0.0;0.0;0.0
7;2013;DEPUTADO;PARLAMENTAR;VANDERLEI MACRIS;26723.13;0.0;0.0;0.0;-6889.96;0.0;0.0;0.0
7;2013;DEPUTADO;PARLAMENTAR;VANDERLEI SIRAQUE;26723.13;0.0;0.0;0.0;-7038.44;0.0;0.0;0.0
7;2013;DEPUTADO;PARLAMENTAR;VICENTE CANDIDO DA SILVA;26723.13;0.0;0.0;0.0;-6842.66;0.0;0.0;0.0
7;2013;DEPUTADO;PARLAMENTAR;VICENTE PAULO DA SILVA;26723.13;0.0;0.0;0.0;-6344.55;0.0;0.0;0.0
7;2013;DEPUTADO;PARLAMENTAR;VILMAR DA SILVA ROCHA;26723.13;0.0;0.0;0.0;-8689.44;0.0;0.0;0.0
7;2013;DEPUTADO;PARLAMENTAR;VILSON LUIZ COVATTI;26723.13;0.0;2783.68;0.0;-11199.62;0.0;0.0;0.0
7;2013;DEPUTADO;PARLAMENTAR;VINICIUS DE AZEVEDO GURGEL;26723.13;0.0;3479.6;0.0;-7799.55;0.0;0.0;0.0
7;2013;DEPUTADO;PARLAMENTAR;VITOR PAULO ARAUJO DOS SANTOS;26723.13;0.0;0.0;0.0;-8594.86;0.0;0.0;0.0
7;2013;DEPUTADO;PARLAMENTAR;VITOR PENIDO DE BARROS;26723.13;0.0;0.0;0.0;-8609.60;0.0;0.0;0.0
7;2013;DEPUTADO;PARLAMENTAR;WALDENOR ALVES PEREIRA FILHO;26723.13;0.0;0.0;0.0;-5671.81;0.0;0.0;0.0
7;2013;DEPUTADO;PARLAMENTAR;WALDIR MARANHAO CARDOSO;26723.13;0.0;0.0;0.0;-6889.96;0.0;0.0;0.0
7;2013;DEPUTADO;PARLAMENTAR;WALNEY DA ROCHA CARVALHO;26723.13;0.0;0.0;0.0;-6708.05;0.0;0.0;0.0
7;2013;DEPUTADO;PARLAMENTAR;WALTER DA ROCHA TOSTA;26723.13;0.0;3479.6;0.0;-9471.91;0.0;0.0;0.0
7;2013;DEPUTADO;PARLAMENTAR;WALTER MEYER FELDMAN;26723.13;0.0;0.0;0.0;-6996.61;0.0;0.0;0.0
7;2013;DEPUTADO;PARLAMENTAR;WALTER SHINDI IIHOSHI;26723.13;0.0;0.0;0.0;-6889.96;0.0;0.0;0.0
7;2013;DEPUTADO;PARLAMENTAR;WANDENKOLK PASTEUR GONCALVES;26723.13;0.0;0.0;0.0;-7964.05;0.0;0.0;0.0
7;2013;DEPUTADO;PARLAMENTAR;WANDERLEY ALVES DE OLIVEIRA;26723.13;0.0;0.0;0.0;-8689.44;0.0;0.0;0.0
7;2013;DEPUTADO;PARLAMENTAR;WASHINGTON REIS DE OLIVEIRA;26723.13;0.0;0.0;0.0;-6795.37;0.0;0.0;0.0
7;2013;DEPUTADO;PARLAMENTAR;WELINGTON COIMBRA;26723.13;0.0;0.0;0.0;-8062.20;0.0;0.0;0.0
7;2013;DEPUTADO;PARLAMENTAR;WELITON FERNANDES PRADO;26723.13;0.0;0.0;0.0;-8609.60;0.0;0.0;0.0
7;2013;DEPUTADO;PARLAMENTAR;WELLINGTON ANTONIO FAGUNDES;26723.13;0.0;-3929.88;0.0;-7608.73;0.0;0.0;0.0
7;2013;DEPUTADO;PARLAMENTAR;WEVERTON ROCHA MARQUES DE SOUSA;26723.13;0.0;0.0;0.0;-8689.44;0.0;0.0;0.0
7;2013;DEPUTADO;PARLAMENTAR;WILLIAM DIB;26723.13;0.0;0.0;0.0;-6889.96;0.0;0.0;0.0
7;2013;DEPUTADO;PARLAMENTAR;WLADIMIR AFONSO DA COSTA RABELO;26723.13;0.0;-614.01;0.0;-6721.10;0.0;0.0;0.0
7;2013;DEPUTADO;PARLAMENTAR;WOLNEY QUEIROZ MACIEL;26723.13;0.0;0.0;0.0;-8689.44;0.0;0.0;0.0
7;2013;DEPUTADO;PARLAMENTAR;ZACARIAS VILHARBA;26723.13;0.0;0.0;0.0;-6842.66;0.0;0.0;0.0
